participant,block_nr,trial_nr,item_nr,word1,word2,probe,response,RT,hit,composition,specificity
01,1,3,745,htbqzylm,horse,Does it have scales?,Ry,1.90390419960022,1,word,low
01,1,17,895,xkq,weather,Is it predictable?,Ry,1.4750547409057615,1,word,low
01,1,46,698,guide,dog,Is it disobedient?,Ry,1.699455738067627,1,phrase,mid
01,1,96,618,fxldmr,owl,Does it have feathers?,Rb,1.385295867919922,1,word,high
01,1,105,671,warm,clothing,Is it suitable for winter?,Ry,2.243999719619751,0,phrase,mid
01,1,106,726,ptrgsbkv,apple,Is it stripy?,Ry,2.078442335128784,1,word,high
01,1,121,655,rvqf,car,Does it have shells?,NA,3.000976085662842,0,word,low
01,1,138,864,mghljkqr,carrot,Does it grow on a tree?,Rb,1.6884729862213137,0,word,high
01,1,168,843,zrtqgfplh,icicle,Is it cold?,Ry,2.119318008422852,0,word,high
01,2,7,608,warm,bedding,Is it thin?,Rb,2.478367328643799,0,phrase,mid
01,2,8,708,vpbyzkgrf,rose,Is it fragrant?,Rb,1.2745888233184814,1,word,high
01,2,9,735,zrtqgfplh,ruby,Is it for eating?,Ry,1.513949632644653,1,word,high
01,2,76,771,htbqzylm,hedgehog,Has it got spines?,Rb,1.3045086860656738,1,word,high
01,2,107,733,wvcnz,gem,Is it shiny?,Rb,1.392275333404541,1,word,low
01,2,139,848,digging,tool,Is it typically found in the garden?,Rb,1.0811080932617188,1,phrase,mid
01,2,165,820,wvcnz,sculpture,Is it decorative?,Rb,1.4301745891571045,1,word,low
01,3,5,828,rjdnw,clogs,Is it typically made of paper?,Ry,1.5977270603179932,1,word,high
01,3,20,763,qxsw,mammal,Does it grow roots?,Ry,2.027579069137573,1,word,low
01,3,74,657,fxldmr,limousine,Is it typically flat?,Rb,1.7862236499786377,1,word,high
01,3,134,869,leafy,vegetable,Is it fibrous?,Rb,1.7223937511444092,1,phrase,mid
01,3,175,700,fxldmr,fish,Does it have fins,Rb,1.3424103260040283,1,word,low
01,4,15,859,qxsw,vegetable,Is it good for your health?,Ry,2.486350774765014,0,word,low
01,4,49,737,blue,gem,Is it valuable?,Rb,1.058175563812256,1,phrase,mid
01,4,50,716,purple,fruit,Does it have petals?,Ry,2.215086936950684,1,phrase,mid
01,4,114,706,ptrgsbkv,flower,Does it have teeth?,Ry,1.568812370300293,1,word,low
01,4,140,883,bxfjwts,vehicle,Does it carry people?,Rb,1.768275260925293,1,word,low
01,4,175,881,medical,vehicle,Is it fast?,Rb,1.6266472339630127,1,phrase,mid
01,5,35,690,rjdnw,phone,Is it soft to touch?,Rb,2.418536424636841,0,word,high
01,5,40,767,nocturnal,mammal,Does it lay eggs?,Rb,1.5668127536773682,0,phrase,mid
01,5,161,647,residential,building,Does it have wheels?,Rb,2.2868857383728027,0,phrase,mid
02,1,9,820,wvcnz,sculpture,Is it decorative?,Ry,1.5877552032470703,0,word,low
02,1,28,706,ptrgsbkv,flower,Does it have teeth?,Ry,0.9763906002044678,1,word,low
02,1,48,618,fxldmr,owl,Does it have feathers?,Rb,0.9813761711120604,1,word,high
02,1,82,737,blue,gem,Is it valuable?,Rb,0.5236010551452637,1,phrase,mid
02,1,104,700,fxldmr,fish,Does it have fins,Rb,1.5747909545898438,1,word,low
02,1,106,895,xkq,weather,Is it predictable?,Ry,1.0272548198699951,1,word,low
02,1,143,745,htbqzylm,horse,Does it have scales?,Ry,0.9953386783599854,1,word,low
02,1,144,859,qxsw,vegetable,Is it good for your health?,Rb,0.8118305206298828,1,word,low
02,2,21,883,bxfjwts,vehicle,Does it carry people?,Rb,1.149925947189331,1,word,low
02,2,26,864,mghljkqr,carrot,Does it grow on a tree?,Ry,0.7968690395355225,1,word,high
02,2,55,647,residential,building,Does it have wheels?,Ry,0.8936114311218262,1,phrase,mid
02,2,62,608,warm,bedding,Is it thin?,Ry,1.33143949508667,1,phrase,mid
02,2,89,671,warm,clothing,Is it suitable for winter?,Rb,0.8876264095306396,1,phrase,mid
02,2,138,690,rjdnw,phone,Is it soft to touch?,Ry,1.5777812004089355,1,word,high
02,2,155,708,vpbyzkgrf,rose,Is it fragrant?,Rb,0.8846347332000732,1,word,high
02,2,173,881,medical,vehicle,Is it fast?,Rb,0.9753930568695068,1,phrase,mid
02,3,16,771,htbqzylm,hedgehog,Has it got spines?,Rb,1.058171033859253,1,word,high
02,3,41,716,purple,fruit,Does it have petals?,Ry,0.9684107303619384,1,phrase,mid
02,3,80,848,digging,tool,Is it typically found in the garden?,Rb,0.9275197982788086,1,phrase,mid
02,3,105,726,ptrgsbkv,apple,Is it stripy?,Ry,1.119997262954712,1,word,high
02,3,156,869,leafy,vegetable,Is it fibrous?,Rb,0.9524524211883544,1,phrase,mid
02,3,157,698,guide,dog,Is it disobedient?,Ry,1.177849531173706,1,phrase,mid
02,4,17,843,zrtqgfplh,icicle,Is it cold?,Rb,0.9225337505340576,1,word,high
02,4,138,735,zrtqgfplh,ruby,Is it for eating?,Ry,1.099062204360962,1,word,high
02,4,165,767,nocturnal,mammal,Does it lay eggs?,Ry,1.502981185913086,1,phrase,mid
02,4,172,828,rjdnw,clogs,Is it typically made of paper?,Ry,1.0342350006103516,1,word,high
02,5,63,655,rvqf,car,Does it have shells?,Ry,1.3813087940216064,1,word,low
02,5,98,733,wvcnz,gem,Is it shiny?,Rb,0.9484643936157228,1,word,low
02,5,135,657,fxldmr,limousine,Is it typically flat?,Ry,1.2107632160186768,0,word,high
02,5,167,763,qxsw,mammal,Does it grow roots?,Ry,1.062161922454834,1,word,low
03,1,61,618,fxldmr,owl,Does it have feathers?,Rb,1.6775131225585938,1,word,high
03,1,65,895,xkq,weather,Is it predictable?,Ry,1.4401476383209229,1,word,low
03,1,77,690,rjdnw,phone,Is it soft to touch?,Ry,0.81880784034729,1,word,high
03,1,82,708,vpbyzkgrf,rose,Is it fragrant?,Rb,0.9863612651824952,1,word,high
03,1,85,881,medical,vehicle,Is it fast?,Rb,1.6944687366485596,1,phrase,mid
03,2,2,671,warm,clothing,Is it suitable for winter?,Rb,1.7523024082183838,1,phrase,mid
03,2,30,733,wvcnz,gem,Is it shiny?,Rb,1.3054993152618408,1,word,low
03,2,31,700,fxldmr,fish,Does it have fins,Rb,1.3483855724334717,1,word,low
03,2,132,869,leafy,vegetable,Is it fibrous?,Rb,1.632634162902832,1,phrase,mid
03,2,170,848,digging,tool,Is it typically found in the garden?,Rb,1.281571388244629,1,phrase,mid
03,3,58,883,bxfjwts,vehicle,Does it carry people?,Ry,1.6376187801361084,0,word,low
03,3,166,716,purple,fruit,Does it have petals?,Ry,1.1010513305664062,1,phrase,mid
03,4,17,859,qxsw,vegetable,Is it good for your health?,Rb,1.1210012435913086,1,word,low
03,4,31,608,warm,bedding,Is it thin?,Ry,1.4610917568206787,1,phrase,mid
03,4,40,828,rjdnw,clogs,Is it typically made of paper?,Ry,2.225046873092652,1,word,high
03,4,80,655,rvqf,car,Does it have shells?,Ry,1.560826063156128,1,word,low
03,4,83,763,qxsw,mammal,Does it grow roots?,Ry,1.9637465476989744,1,word,low
03,4,85,706,ptrgsbkv,flower,Does it have teeth?,Ry,1.3304402828216553,1,word,low
03,4,153,726,ptrgsbkv,apple,Is it stripy?,Ry,1.0302438735961914,1,word,high
03,5,12,647,residential,building,Does it have wheels?,Ry,1.1459357738494873,1,phrase,mid
03,5,24,698,guide,dog,Is it disobedient?,Ry,1.2985260486602783,1,phrase,mid
03,5,39,657,fxldmr,limousine,Is it typically flat?,Ry,1.6854913234710691,0,word,high
03,5,76,735,zrtqgfplh,ruby,Is it for eating?,Ry,0.9724018573760986,1,word,high
03,5,96,843,zrtqgfplh,icicle,Is it cold?,Rb,1.650589942932129,1,word,high
03,5,100,745,htbqzylm,horse,Does it have scales?,Ry,1.4341683387756348,1,word,low
03,5,118,737,blue,gem,Is it valuable?,Rb,0.8068442344665527,1,phrase,mid
03,5,130,820,wvcnz,sculpture,Is it decorative?,Ry,2.3427422046661377,0,word,low
03,5,153,771,htbqzylm,hedgehog,Has it got spines?,Rb,1.2077734470367432,1,word,high
03,5,173,864,mghljkqr,carrot,Does it grow on a tree?,Ry,1.1948034763336182,1,word,high
03,5,178,767,nocturnal,mammal,Does it lay eggs?,Rb,1.823124647140503,0,phrase,mid
04,1,11,737,blue,gem,Is it valuable?,Rb,0.6732008457183838,1,phrase,mid
04,1,36,820,wvcnz,sculpture,Is it decorative?,Rb,0.8148229122161865,1,word,low
04,1,39,848,digging,tool,Is it typically found in the garden?,Rb,0.9783835411071776,1,phrase,mid
04,1,44,608,warm,bedding,Is it thin?,Ry,1.18882155418396,1,phrase,mid
04,1,85,700,fxldmr,fish,Does it have fins,Rb,1.0541813373565674,1,word,low
04,1,114,843,zrtqgfplh,icicle,Is it cold?,Rb,1.05517840385437,1,word,high
04,1,161,671,warm,clothing,Is it suitable for winter?,Rb,1.5189387798309326,1,phrase,mid
04,2,16,647,residential,building,Does it have wheels?,Ry,1.5319035053253174,1,phrase,mid
04,2,38,655,rvqf,car,Does it have shells?,Ry,1.5987253189086914,1,word,low
04,2,49,771,htbqzylm,hedgehog,Has it got spines?,Rb,1.0491962432861328,1,word,high
04,2,98,895,xkq,weather,Is it predictable?,Rb,1.9069013595581052,0,word,low
04,2,155,706,ptrgsbkv,flower,Does it have teeth?,Ry,1.2097651958465576,1,word,low
04,3,40,698,guide,dog,Is it disobedient?,Ry,1.1778521537780762,1,phrase,mid
04,3,41,657,fxldmr,limousine,Is it typically flat?,Ry,1.8370864391326904,0,word,high
04,3,44,708,vpbyzkgrf,rose,Is it fragrant?,Rb,1.030245065689087,1,word,high
04,3,69,735,zrtqgfplh,ruby,Is it for eating?,Ry,1.501983880996704,1,word,high
04,3,70,767,nocturnal,mammal,Does it lay eggs?,Ry,2.13130259513855,1,phrase,mid
04,3,167,618,fxldmr,owl,Does it have feathers?,Rb,1.518937587738037,1,word,high
04,4,6,745,htbqzylm,horse,Does it have scales?,Ry,1.4780480861663818,1,word,low
04,4,18,733,wvcnz,gem,Is it shiny?,Rb,1.2047786712646484,1,word,low
04,4,19,690,rjdnw,phone,Is it soft to touch?,Ry,1.4072370529174805,1,word,high
04,4,28,859,qxsw,vegetable,Is it good for your health?,Rb,1.3204691410064695,1,word,low
04,4,46,726,ptrgsbkv,apple,Is it stripy?,Ry,1.257636785507202,1,word,high
04,4,119,828,rjdnw,clogs,Is it typically made of paper?,Ry,1.3813066482543943,1,word,high
04,5,38,864,mghljkqr,carrot,Does it grow on a tree?,Ry,1.5478603839874268,1,word,high
04,5,49,716,purple,fruit,Does it have petals?,Ry,1.626650333404541,1,phrase,mid
04,5,71,869,leafy,vegetable,Is it fibrous?,Rb,1.8949332237243648,1,phrase,mid
04,5,94,883,bxfjwts,vehicle,Does it carry people?,Ry,1.7732577323913574,0,word,low
04,5,100,763,qxsw,mammal,Does it grow roots?,NA,3.0009758472442627,0,word,low
04,5,142,881,medical,vehicle,Is it fast?,Ry,1.675519943237305,0,phrase,mid
05,1,39,869,leafy,vegetable,Is it fibrous?,Rb,0.8686766624450684,1,phrase,mid
05,1,112,737,blue,gem,Is it valuable?,Rb,0.7140915393829346,1,phrase,mid
05,1,143,763,qxsw,mammal,Does it grow roots?,Ry,1.731369972229004,1,word,low
05,1,154,655,rvqf,car,Does it have shells?,Ry,0.9953382015228271,1,word,low
05,1,162,716,purple,fruit,Does it have petals?,Ry,1.043210506439209,1,phrase,mid
05,1,166,726,ptrgsbkv,apple,Is it stripy?,Ry,1.0112943649291992,1,word,high
05,1,172,708,vpbyzkgrf,rose,Is it fragrant?,Rb,0.6771891117095947,1,word,high
05,2,18,698,guide,dog,Is it disobedient?,Ry,1.2606289386749268,1,phrase,mid
05,2,82,618,fxldmr,owl,Does it have feathers?,Rb,1.027254343032837,1,word,high
05,2,86,843,zrtqgfplh,icicle,Is it cold?,Rb,0.71209716796875,1,word,high
05,2,170,820,wvcnz,sculpture,Is it decorative?,Rb,0.8357670307159424,1,word,low
05,3,2,671,warm,clothing,Is it suitable for winter?,Rb,1.120006084442139,1,phrase,mid
05,3,4,735,zrtqgfplh,ruby,Is it for eating?,Ry,1.0472021102905271,1,word,high
05,3,9,771,htbqzylm,hedgehog,Has it got spines?,Ry,1.5907478332519531,0,word,high
05,3,42,859,qxsw,vegetable,Is it good for your health?,Rb,0.9235310554504396,1,word,low
05,3,75,700,fxldmr,fish,Does it have fins,Rb,1.0362300872802734,1,word,low
05,3,103,690,rjdnw,phone,Is it soft to touch?,Ry,1.166881084442139,1,word,high
05,3,171,881,medical,vehicle,Is it fast?,Rb,1.19480562210083,1,phrase,mid
05,4,2,733,wvcnz,gem,Is it shiny?,Rb,0.7250607013702393,1,word,low
05,4,11,895,xkq,weather,Is it predictable?,Ry,0.8447434902191162,1,word,low
05,4,68,828,rjdnw,clogs,Is it typically made of paper?,Ry,1.4022529125213623,1,word,high
05,4,81,657,fxldmr,limousine,Is it typically flat?,Rb,1.2566404342651367,1,word,high
05,4,118,864,mghljkqr,carrot,Does it grow on a tree?,Ry,1.0142765045166016,1,word,high
05,4,135,706,ptrgsbkv,flower,Does it have teeth?,Rb,1.4471328258514404,0,word,low
05,4,138,883,bxfjwts,vehicle,Does it carry people?,Rb,0.8427472114562988,1,word,low
05,4,160,767,nocturnal,mammal,Does it lay eggs?,Rb,1.3374245166778564,0,phrase,mid
05,4,161,848,digging,tool,Is it typically found in the garden?,Rb,1.0103001594543457,1,phrase,mid
05,5,70,608,warm,bedding,Is it thin?,Ry,1.57080078125,1,phrase,mid
05,5,105,647,residential,building,Does it have wheels?,Ry,0.8926138877868652,1,phrase,mid
05,5,116,745,htbqzylm,horse,Does it have scales?,Ry,0.9125590324401855,1,word,low
06,1,90,763,qxsw,mammal,Does it grow roots?,Ry,1.0810952186584473,1,word,low
06,1,99,608,warm,bedding,Is it thin?,Ry,1.357353448867798,1,phrase,mid
06,1,147,671,warm,clothing,Is it suitable for winter?,Rb,0.9334919452667236,1,phrase,mid
06,1,176,767,nocturnal,mammal,Does it lay eggs?,Ry,1.388270616531372,1,phrase,mid
06,2,16,828,rjdnw,clogs,Is it typically made of paper?,Ry,1.2217352390289309,1,word,high
06,2,34,883,bxfjwts,vehicle,Does it carry people?,Rb,1.015287160873413,1,word,low
06,2,66,881,medical,vehicle,Is it fast?,Rb,1.109036207199097,1,phrase,mid
06,2,70,698,guide,dog,Is it disobedient?,Ry,1.627650260925293,1,phrase,mid
06,2,179,716,purple,fruit,Does it have petals?,Ry,1.1220009326934814,1,phrase,mid
06,2,180,771,htbqzylm,hedgehog,Has it got spines?,Rb,1.0491974353790283,1,word,high
06,3,88,869,leafy,vegetable,Is it fibrous?,Rb,0.8965959548950195,1,phrase,mid
06,3,104,735,zrtqgfplh,ruby,Is it for eating?,Ry,1.1229891777038574,1,word,high
06,3,124,655,rvqf,car,Does it have shells?,Ry,1.055180549621582,1,word,low
06,4,22,843,zrtqgfplh,icicle,Is it cold?,Rb,0.7888936996459961,1,word,high
06,4,23,618,fxldmr,owl,Does it have feathers?,Rb,0.7679495811462402,1,word,high
06,4,29,859,qxsw,vegetable,Is it good for your health?,Rb,0.9075746536254884,1,word,low
06,4,32,700,fxldmr,fish,Does it have fins,Rb,0.8068454265594482,1,word,low
06,4,53,657,fxldmr,limousine,Is it typically flat?,Ry,1.5678112506866455,0,word,high
06,4,54,726,ptrgsbkv,apple,Is it stripy?,Ry,1.3364298343658447,1,word,high
06,4,66,745,htbqzylm,horse,Does it have scales?,Ry,0.9743962287902832,1,word,low
06,4,88,690,rjdnw,phone,Is it soft to touch?,Ry,1.293543577194214,1,word,high
06,4,103,647,residential,building,Does it have wheels?,Ry,0.8866307735443115,1,phrase,mid
06,4,160,848,digging,tool,Is it typically found in the garden?,Rb,0.8746588230133057,1,phrase,mid
06,5,32,895,xkq,weather,Is it predictable?,Ry,1.073124647140503,1,word,low
06,5,43,733,wvcnz,gem,Is it shiny?,Rb,0.8636853694915771,1,word,low
06,5,69,820,wvcnz,sculpture,Is it decorative?,Rb,0.8168182373046875,1,word,low
06,5,118,708,vpbyzkgrf,rose,Is it fragrant?,Rb,0.7589733600616455,1,word,high
06,5,150,737,blue,gem,Is it valuable?,Rb,0.7569770812988281,1,phrase,mid
06,5,151,864,mghljkqr,carrot,Does it grow on a tree?,Ry,0.8776547908782959,1,word,high
06,5,164,706,ptrgsbkv,flower,Does it have teeth?,Ry,0.92053985595703125,1,word,low
07,1,128,828,rjdnw,clogs,Is it typically made of paper?,Ry,1.277580738067627,1,word,high
07,2,26,690,rjdnw,phone,Is it soft to touch?,Ry,1.24267578125,1,word,high
07,2,31,647,residential,building,Does it have wheels?,Ry,1.187824249267578,1,phrase,mid
07,2,46,700,fxldmr,fish,Does it have fins,Rb,1.1020524501800537,1,word,low
07,2,65,608,warm,bedding,Is it thin?,Ry,1.9577550888061523,1,phrase,mid
07,2,69,735,zrtqgfplh,ruby,Is it for eating?,Ry,1.1309750080108645,1,word,high
07,2,104,767,nocturnal,mammal,Does it lay eggs?,Rb,1.7273802757263184,0,phrase,mid
07,2,126,737,blue,gem,Is it valuable?,Rb,1.1160156726837158,1,phrase,mid
07,2,133,708,vpbyzkgrf,rose,Is it fragrant?,Rb,1.1150166988372805,1,word,high
07,2,142,763,qxsw,mammal,Does it grow roots?,Ry,1.4401488304138184,1,word,low
07,2,175,618,fxldmr,owl,Does it have feathers?,Rb,0.9085702896118164,1,word,high
07,3,23,655,rvqf,car,Does it have shells?,Ry,1.4022462368011477,1,word,low
07,3,36,895,xkq,weather,Is it predictable?,Rb,1.2436702251434326,0,word,low
07,3,60,733,wvcnz,gem,Is it shiny?,Rb,1.2307024002075195,1,word,low
07,3,179,726,ptrgsbkv,apple,Is it stripy?,Ry,1.3134832382202148,1,word,high
07,4,41,859,qxsw,vegetable,Is it good for your health?,NA,3.0009725093841557,0,word,low
07,4,54,820,wvcnz,sculpture,Is it decorative?,Rb,1.0930757522583008,1,word,low
07,4,76,881,medical,vehicle,Is it fast?,Rb,1.2366924285888672,1,phrase,mid
07,4,78,883,bxfjwts,vehicle,Does it carry people?,Rb,1.4112272262573242,1,word,low
07,4,172,843,zrtqgfplh,icicle,Is it cold?,Rb,0.9155585765838624,1,word,high
07,4,174,706,ptrgsbkv,flower,Does it have teeth?,Ry,0.9125680923461914,1,word,low
07,5,64,745,htbqzylm,horse,Does it have scales?,Ry,1.3852999210357666,1,word,low
07,5,69,864,mghljkqr,carrot,Does it grow on a tree?,Ry,1.3124942779541016,1,word,high
07,5,84,671,warm,clothing,Is it suitable for winter?,Rb,1.449131727218628,1,phrase,mid
07,5,130,698,guide,dog,Is it disobedient?,Ry,0.9684112071990968,1,phrase,mid
07,5,153,848,digging,tool,Is it typically found in the garden?,Rb,1.5877563953399658,1,phrase,mid
07,5,159,869,leafy,vegetable,Is it fibrous?,Rb,1.059169054031372,1,phrase,mid
07,5,167,657,fxldmr,limousine,Is it typically flat?,Rb,1.361361026763916,1,word,high
07,5,175,771,htbqzylm,hedgehog,Has it got spines?,Rb,1.2017872333526611,1,word,high
07,5,180,716,purple,fruit,Does it have petals?,Rb,1.2785825729370115,0,phrase,mid
08,1,5,763,qxsw,mammal,Does it grow roots?,Ry,0.8287839889526367,1,word,low
08,1,6,859,qxsw,vegetable,Is it good for your health?,Rb,0.7450077533721924,1,word,low
08,1,30,883,bxfjwts,vehicle,Does it carry people?,Rb,0.7011253833770752,1,word,low
08,1,32,895,xkq,weather,Is it predictable?,Rb,0.9833707809448242,0,word,low
08,1,37,726,ptrgsbkv,apple,Is it stripy?,Ry,0.97040557861328125,1,word,high
08,1,49,618,fxldmr,owl,Does it have feathers?,Rb,0.9664151668548584,1,word,high
08,1,51,608,warm,bedding,Is it thin?,Ry,1.0521867275238037,1,phrase,mid
08,1,141,716,purple,fruit,Does it have petals?,Ry,1.367345094680786,1,phrase,mid
08,1,145,771,htbqzylm,hedgehog,Has it got spines?,Rb,0.8307797908782959,1,word,high
08,1,158,657,fxldmr,limousine,Is it typically flat?,Ry,1.382305145263672,0,word,high
08,2,49,690,rjdnw,phone,Is it soft to touch?,Ry,1.247663974761963,1,word,high
08,2,63,767,nocturnal,mammal,Does it lay eggs?,Ry,1.007307529449463,1,phrase,mid
08,2,86,671,warm,clothing,Is it suitable for winter?,Rb,1.8061707019805908,1,phrase,mid
08,2,119,655,rvqf,car,Does it have shells?,Ry,1.0651514530181885,1,word,low
08,2,133,698,guide,dog,Is it disobedient?,Ry,0.8966023921966553,1,phrase,mid
08,3,16,706,ptrgsbkv,flower,Does it have teeth?,Ry,0.7071089744567871,1,word,low
08,3,42,700,fxldmr,fish,Does it have fins,Rb,0.8856332302093506,1,word,low
08,3,53,848,digging,tool,Is it typically found in the garden?,Rb,0.7260587215423584,1,phrase,mid
08,3,55,737,blue,gem,Is it valuable?,Rb,0.8906168937683105,1,phrase,mid
08,3,100,864,mghljkqr,carrot,Does it grow on a tree?,Ry,0.9983315467834472,1,word,high
08,3,117,647,residential,building,Does it have wheels?,Ry,0.8567104339599609,1,phrase,mid
08,4,33,869,leafy,vegetable,Is it fibrous?,Rb,0.9335036277770996,1,phrase,mid
08,4,40,733,wvcnz,gem,Is it shiny?,Rb,0.7420158386230469,1,word,low
08,4,49,708,vpbyzkgrf,rose,Is it fragrant?,Rb,0.7290506362915039,1,word,high
08,4,83,843,zrtqgfplh,icicle,Is it cold?,Ry,1.422197341918945,0,word,high
08,4,159,828,rjdnw,clogs,Is it typically made of paper?,Ry,1.2227308750152588,1,word,high
08,5,2,820,wvcnz,sculpture,Is it decorative?,Rb,0.8926143646240234,1,word,low
08,5,51,735,zrtqgfplh,ruby,Is it for eating?,Ry,1.3214609622955322,1,word,high
08,5,116,745,htbqzylm,horse,Does it have scales?,Ry,0.9644217491149902,1,word,low
08,5,161,881,medical,vehicle,Is it fast?,Rb,1.7513189315795898,1,phrase,mid
09,1,2,763,qxsw,mammal,Does it grow roots?,Ry,1.4820408821105957,1,word,low
09,1,10,771,htbqzylm,hedgehog,Has it got spines?,Rb,1.4341671466827393,1,word,high
09,1,80,733,wvcnz,gem,Is it shiny?,Rb,1.3982627391815186,1,word,low
09,1,127,671,warm,clothing,Is it suitable for winter?,Rb,1.3603644371032717,1,phrase,mid
09,1,177,655,rvqf,car,Does it have shells?,Ry,1.5249247550964355,1,word,low
09,2,10,767,nocturnal,mammal,Does it lay eggs?,Rb,1.243675708770752,0,phrase,mid
09,2,35,618,fxldmr,owl,Does it have feathers?,Rb,1.362358570098877,1,word,high
09,2,51,843,zrtqgfplh,icicle,Is it cold?,Rb,1.819138526916504,1,word,high
09,2,102,726,ptrgsbkv,apple,Is it stripy?,Ry,1.9777145385742188,1,word,high
09,2,115,647,residential,building,Does it have wheels?,Ry,1.3184764385223389,1,phrase,mid
09,2,123,881,medical,vehicle,Is it fast?,Ry,1.66554856300354,0,phrase,mid
09,3,33,735,zrtqgfplh,ruby,Is it for eating?,Ry,1.4531166553497314,1,word,high
09,3,46,708,vpbyzkgrf,rose,Is it fragrant?,Rb,1.7363593578338623,1,word,high
09,3,66,745,htbqzylm,horse,Does it have scales?,Ry,1.6475963592529297,1,word,low
09,3,74,883,bxfjwts,vehicle,Does it carry people?,Rb,2.0076329708099365,1,word,low
09,3,97,895,xkq,weather,Is it predictable?,Rb,1.4600980281829834,0,word,low
09,4,49,690,rjdnw,phone,Is it soft to touch?,Ry,2.560157299041748,1,word,high
09,4,57,848,digging,tool,Is it typically found in the garden?,Rb,1.3473973274230957,1,phrase,mid
09,4,73,869,leafy,vegetable,Is it fibrous?,Rb,2.0235908031463623,1,phrase,mid
09,4,89,859,qxsw,vegetable,Is it good for your health?,Rb,1.6874876022338867,1,word,low
09,4,99,657,fxldmr,limousine,Is it typically flat?,Rb,1.6924750804901123,1,word,high
09,4,118,737,blue,gem,Is it valuable?,Rb,2.266939163208008,1,phrase,mid
09,4,137,700,fxldmr,fish,Does it have fins,Rb,2.020597457885742,1,word,low
09,4,164,828,rjdnw,clogs,Is it typically made of paper?,Rb,2.665872097015381,0,word,high
09,4,180,864,mghljkqr,carrot,Does it grow on a tree?,Ry,2.258960008621216,1,word,high
09,5,25,608,warm,bedding,Is it thin?,Ry,2.3417391777038574,1,phrase,mid
09,5,95,698,guide,dog,Is it disobedient?,Ry,1.388286828994751,1,phrase,mid
09,5,105,820,wvcnz,sculpture,Is it decorative?,Rb,2.0285744667053223,1,word,low
09,5,121,716,purple,fruit,Does it have petals?,Ry,1.7702653408050537,1,phrase,mid
09,5,129,706,ptrgsbkv,flower,Does it have teeth?,Ry,2.4245173931121826,1,word,low
10,1,39,895,xkq,weather,Is it predictable?,Rb,1.642608404159546,0,word,low
10,1,94,767,nocturnal,mammal,Does it lay eggs?,Ry,1.932833671569824,1,phrase,mid
10,1,107,618,fxldmr,owl,Does it have feathers?,Rb,1.4491252899169922,1,word,high
10,1,114,671,warm,clothing,Is it suitable for winter?,Rb,1.322465181350708,1,phrase,mid
10,1,123,647,residential,building,Does it have wheels?,Ry,1.3533809185028076,1,phrase,mid
10,1,127,690,rjdnw,phone,Is it soft to touch?,Ry,1.4660792350769043,1,word,high
10,1,153,698,guide,dog,Is it disobedient?,Ry,1.9288408756256104,1,phrase,mid
10,1,160,700,fxldmr,fish,Does it have fins,Rb,1.0571715831756592,1,word,low
10,2,100,828,rjdnw,clogs,Is it typically made of paper?,Ry,1.8440687656402588,1,word,high
10,2,120,716,purple,fruit,Does it have petals?,Ry,1.7213966846466064,1,phrase,mid
10,2,137,745,htbqzylm,horse,Does it have scales?,Ry,1.33941912651062,1,word,low
10,2,147,883,bxfjwts,vehicle,Does it carry people?,Rb,2.9201905727386475,1,word,low
10,2,171,820,wvcnz,sculpture,Is it decorative?,Rb,1.456098556518555,1,word,low
10,3,29,733,wvcnz,gem,Is it shiny?,Rb,1.0053057670593262,1,word,low
10,3,32,869,leafy,vegetable,Is it fibrous?,Rb,2.1791603565216064,1,phrase,mid
10,3,136,763,qxsw,mammal,Does it grow roots?,Ry,1.3683419227600098,1,word,low
10,3,176,655,rvqf,car,Does it have shells?,Ry,1.6924738883972168,1,word,low
10,4,10,706,ptrgsbkv,flower,Does it have teeth?,Ry,1.411227464675903,1,word,low
10,4,62,843,zrtqgfplh,icicle,Is it cold?,Rb,1.1748590469360352,1,word,high
10,4,67,859,qxsw,vegetable,Is it good for your health?,Rb,1.420194149017334,1,word,low
10,4,100,737,blue,gem,Is it valuable?,Rb,2.0993993282318115,1,phrase,mid
10,4,109,726,ptrgsbkv,apple,Is it stripy?,Ry,1.393283128738403,1,word,high
10,4,118,608,warm,bedding,Is it thin?,Ry,1.0342402458190918,1,phrase,mid
10,4,122,848,digging,tool,Is it typically found in the garden?,Rb,1.3753297328948977,1,phrase,mid
10,4,126,657,fxldmr,limousine,Is it typically flat?,NA,3.000981092453003,0,word,high
10,4,155,864,mghljkqr,carrot,Does it grow on a tree?,Ry,1.1628968715667725,1,word,high
10,5,45,771,htbqzylm,hedgehog,Has it got spines?,Rb,0.9753916263580322,1,word,high
10,5,74,881,medical,vehicle,Is it fast?,Rb,0.9983298778533936,1,phrase,mid
10,5,119,708,vpbyzkgrf,rose,Is it fragrant?,Rb,1.6416099071502686,1,word,high
10,5,168,735,zrtqgfplh,ruby,Is it for eating?,Ry,1.0182762145996094,1,word,high
11,1,43,655,rvqf,car,Does it have shells?,Ry,1.8121602535247805,1,word,low
11,1,57,869,leafy,vegetable,Is it fibrous?,Rb,1.2117633819580078,1,phrase,mid
11,1,82,820,wvcnz,sculpture,Is it decorative?,Rb,1.3184797763824463,1,word,low
11,1,100,767,nocturnal,mammal,Does it lay eggs?,Ry,1.7792491912841797,1,phrase,mid
11,1,152,763,qxsw,mammal,Does it grow roots?,Ry,1.2955377101898191,1,word,low
11,2,51,726,ptrgsbkv,apple,Is it stripy?,Ry,1.1758570671081543,1,word,high
11,2,82,737,blue,gem,Is it valuable?,Rb,1.1359632015228271,1,phrase,mid
11,2,97,618,fxldmr,owl,Does it have feathers?,Rb,1.0890882015228271,1,word,high
11,2,146,706,ptrgsbkv,flower,Does it have teeth?,Ry,1.2287147045135498,1,word,low
11,2,167,608,warm,bedding,Is it thin?,Ry,1.693472385406494,1,phrase,mid
11,3,8,700,fxldmr,fish,Does it have fins,Rb,1.3084948062896729,1,word,low
11,3,62,735,zrtqgfplh,ruby,Is it for eating?,Ry,1.4890151023864746,1,word,high
11,3,63,733,wvcnz,gem,Is it shiny?,Ry,2.0195958614349365,0,word,low
11,3,114,771,htbqzylm,hedgehog,Has it got spines?,Rb,1.5179383754730225,1,word,high
11,3,137,864,mghljkqr,carrot,Does it grow on a tree?,Ry,1.1967971324920654,1,word,high
11,3,158,708,vpbyzkgrf,rose,Is it fragrant?,Rb,1.0521855354309082,1,word,high
11,3,179,671,warm,clothing,Is it suitable for winter?,Rb,1.704442024230957,1,phrase,mid
11,4,1,657,fxldmr,limousine,Is it typically flat?,Ry,1.7433383464813232,0,word,high
11,4,32,828,rjdnw,clogs,Is it typically made of paper?,NA,3.0009727478027344,0,word,high
11,4,33,698,guide,dog,Is it disobedient?,Ry,1.5967299938201904,1,phrase,mid
11,4,54,716,purple,fruit,Does it have petals?,Ry,1.7233901023864746,1,phrase,mid
11,4,76,843,zrtqgfplh,icicle,Is it cold?,Rb,1.8350934982299805,1,word,high
11,4,98,647,residential,building,Does it have wheels?,Ry,1.47804856300354,1,phrase,mid
11,4,157,881,medical,vehicle,Is it fast?,Rb,1.4969961643218994,1,phrase,mid
11,5,28,745,htbqzylm,horse,Does it have scales?,Ry,1.331439733505249,1,word,low
11,5,54,690,rjdnw,phone,Is it soft to touch?,Rb,1.88694429397583,0,word,high
11,5,105,895,xkq,weather,Is it predictable?,Ry,1.126986026763916,1,word,low
11,5,127,859,qxsw,vegetable,Is it good for your health?,Rb,1.57977557182312,1,word,low
11,5,150,883,bxfjwts,vehicle,Does it carry people?,Rb,0.937493085861206,1,word,low
11,5,172,848,digging,tool,Is it typically found in the garden?,Rb,1.1748578548431396,1,phrase,mid
12,1,13,869,leafy,vegetable,Is it fibrous?,Rb,1.5940055847167969,1,phrase,mid
12,1,29,733,wvcnz,gem,Is it shiny?,Ry,1.3338212966918943,0,word,low
12,1,49,618,fxldmr,owl,Does it have feathers?,Rb,2.1213293075561523,1,word,high
12,1,68,895,xkq,weather,Is it predictable?,Ry,1.5388870239257812,1,word,low
12,1,146,708,vpbyzkgrf,rose,Is it fragrant?,Rb,1.2606301307678225,1,word,high
12,1,157,771,htbqzylm,hedgehog,Has it got spines?,Rb,1.7154157161712646,1,word,high
12,1,170,647,residential,building,Does it have wheels?,Ry,1.3922770023345947,1,phrase,mid
12,2,4,767,nocturnal,mammal,Does it lay eggs?,Rb,2.150251626968384,0,phrase,mid
12,2,25,737,blue,gem,Is it valuable?,Rb,1.2775843143463137,1,phrase,mid
12,2,27,706,ptrgsbkv,flower,Does it have teeth?,Ry,1.8749876022338867,1,word,low
12,2,72,843,zrtqgfplh,icicle,Is it cold?,Rb,1.28755784034729,1,word,high
12,2,102,848,digging,tool,Is it typically found in the garden?,Rb,1.4311754703521729,1,phrase,mid
12,2,136,883,bxfjwts,vehicle,Does it carry people?,Rb,1.3992607593536377,1,word,low
12,3,32,735,zrtqgfplh,ruby,Is it for eating?,Ry,1.398263692855835,1,word,high
12,3,81,655,rvqf,car,Does it have shells?,Ry,1.4600965976715088,1,word,low
12,3,104,716,purple,fruit,Does it have petals?,Ry,1.5448713302612305,1,phrase,mid
12,3,137,608,warm,bedding,Is it thin?,Ry,1.391282081604004,1,phrase,mid
12,3,151,700,fxldmr,fish,Does it have fins,Rb,1.3214685916900637,1,word,low
12,3,157,820,wvcnz,sculpture,Is it decorative?,Rb,1.181840896606445,1,word,low
12,3,166,690,rjdnw,phone,Is it soft to touch?,Ry,1.2247262001037598,1,word,high
12,4,18,881,medical,vehicle,Is it fast?,Rb,1.3613605499267578,1,phrase,mid
12,4,26,828,rjdnw,clogs,Is it typically made of paper?,Ry,1.5129551887512207,1,word,high
12,4,70,698,guide,dog,Is it disobedient?,Ry,2.2370195388793945,1,phrase,mid
12,4,98,864,mghljkqr,carrot,Does it grow on a tree?,Ry,1.3653514385223389,1,word,high
12,4,101,745,htbqzylm,horse,Does it have scales?,Ry,1.2366952896118164,1,word,low
12,4,162,726,ptrgsbkv,apple,Is it stripy?,Ry,2.1422743797302246,1,word,high
12,5,37,763,qxsw,mammal,Does it grow roots?,Ry,1.956803560256958,1,word,low
12,5,105,657,fxldmr,limousine,Is it typically flat?,Rb,1.9118919372558596,1,word,high
12,5,125,859,qxsw,vegetable,Is it good for your health?,Rb,1.1200077533721924,1,word,low
12,5,136,671,warm,clothing,Is it suitable for winter?,Rb,1.0352325439453125,1,phrase,mid
13,1,27,859,qxsw,vegetable,Is it good for your health?,Rb,1.460094928741455,1,word,low
13,1,32,881,medical,vehicle,Is it fast?,Rb,0.9414820671081544,1,phrase,mid
13,1,50,647,residential,building,Does it have wheels?,Ry,0.8995952606201172,1,phrase,mid
13,1,97,828,rjdnw,clogs,Is it typically made of paper?,Ry,1.6795082092285156,1,word,high
13,2,3,655,rvqf,car,Does it have shells?,Ry,1.2376887798309326,1,word,low
13,2,74,895,xkq,weather,Is it predictable?,Ry,2.134291648864746,1,word,low
13,2,78,726,ptrgsbkv,apple,Is it stripy?,Ry,1.3982603549957275,1,word,high
13,2,113,883,bxfjwts,vehicle,Does it carry people?,Ry,2.029572010040283,0,word,low
13,2,165,657,fxldmr,limousine,Is it typically flat?,Rb,1.891940116882324,1,word,high
13,2,174,869,leafy,vegetable,Is it fibrous?,Rb,1.6465957164764404,1,phrase,mid
13,3,27,733,wvcnz,gem,Is it shiny?,Rb,1.5568351745605469,1,word,low
13,3,86,671,warm,clothing,Is it suitable for winter?,Rb,1.9757142066955569,1,phrase,mid
13,3,99,864,mghljkqr,carrot,Does it grow on a tree?,Ry,1.741342544555664,1,word,high
13,3,146,716,purple,fruit,Does it have petals?,Ry,1.2596311569213867,1,phrase,mid
13,3,169,737,blue,gem,Is it valuable?,Rb,1.3842957019805908,1,phrase,mid
13,3,179,848,digging,tool,Is it typically found in the garden?,Rb,1.441145420074463,1,phrase,mid
13,4,37,706,ptrgsbkv,flower,Does it have teeth?,Ry,1.7004523277282717,1,word,low
13,4,40,843,zrtqgfplh,icicle,Is it cold?,Rb,1.4571030139923096,1,word,high
13,4,126,698,guide,dog,Is it disobedient?,Ry,1.3404052257537842,1,phrase,mid
13,4,154,700,fxldmr,fish,Does it have fins,Rb,1.1868257522583008,1,word,low
13,5,3,767,nocturnal,mammal,Does it lay eggs?,Ry,1.5049748420715332,1,phrase,mid
13,5,16,820,wvcnz,sculpture,Is it decorative?,Rb,1.7014546394348145,1,word,low
13,5,22,771,htbqzylm,hedgehog,Has it got spines?,Rb,1.7164151668548584,1,word,high
13,5,23,708,vpbyzkgrf,rose,Is it fragrant?,Rb,1.6336359977722168,1,word,high
13,5,33,763,qxsw,mammal,Does it grow roots?,Ry,1.56681489944458,1,word,low
13,5,37,745,htbqzylm,horse,Does it have scales?,Ry,1.0422158241271973,1,word,low
13,5,56,618,fxldmr,owl,Does it have feathers?,Rb,1.4202065467834473,1,word,high
13,5,64,735,zrtqgfplh,ruby,Is it for eating?,Ry,1.3384251594543457,1,word,high
13,5,74,608,warm,bedding,Is it thin?,Ry,1.866015672683716,1,phrase,mid
13,5,145,690,rjdnw,phone,Is it soft to touch?,Ry,1.7393481731414795,1,word,high
14,1,14,869,leafy,vegetable,Is it fibrous?,Ry,1.595733642578125,0,phrase,mid
14,1,39,657,fxldmr,limousine,Is it typically flat?,Ry,2.575115442276001,0,word,high
14,1,69,700,fxldmr,fish,Does it have fins,Rb,2.3267805576324463,1,word,low
14,1,76,690,rjdnw,phone,Is it soft to touch?,Ry,2.278907537460327,1,word,high
14,1,173,859,qxsw,vegetable,Is it good for your health?,Rb,1.9467952251434328,1,word,low
14,2,30,726,ptrgsbkv,apple,Is it stripy?,Ry,2.315800189971924,1,word,high
14,2,50,763,qxsw,mammal,Does it grow roots?,Ry,1.6735186576843262,1,word,low
14,2,104,671,warm,clothing,Is it suitable for winter?,Rb,1.0292484760284424,1,phrase,mid
14,2,144,771,htbqzylm,hedgehog,Has it got spines?,Rb,1.0501906871795654,1,word,high
14,2,163,848,digging,tool,Is it typically found in the garden?,Rb,1.0980641841888428,1,phrase,mid
14,2,178,767,nocturnal,mammal,Does it lay eggs?,Ry,2.994993209838867,1,phrase,mid
14,3,47,828,rjdnw,clogs,Is it typically made of paper?,Ry,1.6067047119140625,1,word,high
14,3,56,716,purple,fruit,Does it have petals?,Ry,2.141274929046631,1,phrase,mid
14,3,101,608,warm,bedding,Is it thin?,Ry,1.122000217437744,1,phrase,mid
14,4,17,737,blue,gem,Is it valuable?,Rb,0.9404866695404052,1,phrase,mid
14,4,28,895,xkq,weather,Is it predictable?,Ry,1.4062402248382568,1,word,low
14,4,143,820,wvcnz,sculpture,Is it decorative?,Rb,1.4042458534240725,1,word,low
14,4,149,706,ptrgsbkv,flower,Does it have teeth?,Ry,1.146928071975708,1,word,low
14,4,156,618,fxldmr,owl,Does it have feathers?,Rb,1.1549127101898191,1,word,high
14,4,160,883,bxfjwts,vehicle,Does it carry people?,Rb,1.4122262001037598,1,word,low
14,4,169,864,mghljkqr,carrot,Does it grow on a tree?,Ry,1.3344335556030271,1,word,high
14,4,175,655,rvqf,car,Does it have shells?,Ry,1.81315279006958,1,word,low
14,5,52,745,htbqzylm,horse,Does it have scales?,Ry,1.419205665588379,1,word,low
14,5,78,733,wvcnz,gem,Is it shiny?,Rb,0.7878932952880859,1,word,low
14,5,130,881,medical,vehicle,Is it fast?,Rb,1.2037804126739502,1,phrase,mid
14,5,132,698,guide,dog,Is it disobedient?,Ry,1.4610917568206787,1,phrase,mid
14,5,137,735,zrtqgfplh,ruby,Is it for eating?,Ry,1.265615940093994,1,word,high
14,5,143,647,residential,building,Does it have wheels?,Ry,1.2167465686798096,1,phrase,mid
14,5,151,843,zrtqgfplh,icicle,Is it cold?,Rb,0.99733304977417,1,word,high
14,5,172,708,vpbyzkgrf,rose,Is it fragrant?,Rb,1.902911901473999,1,word,high
15,1,7,700,fxldmr,fish,Does it have fins,Rb,1.577772855758667,1,word,low
15,1,62,881,medical,vehicle,Is it fast?,Rb,0.9215376377105712,1,phrase,mid
15,1,68,690,rjdnw,phone,Is it soft to touch?,Ry,0.9325082302093506,1,word,high
15,1,72,618,fxldmr,owl,Does it have feathers?,Rb,1.219738483428955,1,word,high
15,1,116,763,qxsw,mammal,Does it grow roots?,Rb,1.0681464672088623,0,word,low
15,1,117,608,warm,bedding,Is it thin?,Rb,1.6844971179962158,0,phrase,mid
15,1,161,737,blue,gem,Is it valuable?,Rb,1.0841023921966553,1,phrase,mid
15,1,163,883,bxfjwts,vehicle,Does it carry people?,Rb,1.5498571395874023,1,word,low
15,2,124,843,zrtqgfplh,icicle,Is it cold?,Rb,0.823798656463623,1,word,high
15,2,162,716,purple,fruit,Does it have petals?,Rb,2.959076404571533,0,phrase,mid
15,2,170,698,guide,dog,Is it disobedient?,Ry,1.1748602390289309,1,phrase,mid
15,2,173,733,wvcnz,gem,Is it shiny?,Rb,1.2047808170318604,1,word,low
15,3,19,745,htbqzylm,horse,Does it have scales?,Ry,1.1957993507385254,1,word,low
15,3,66,706,ptrgsbkv,flower,Does it have teeth?,Ry,1.9926700592041016,1,word,low
15,3,136,771,htbqzylm,hedgehog,Has it got spines?,Rb,1.6585633754730225,1,word,high
15,3,179,657,fxldmr,limousine,Is it typically flat?,Ry,1.9328341484069824,0,word,high
15,4,9,726,ptrgsbkv,apple,Is it stripy?,Ry,1.555840015411377,1,word,high
15,4,40,671,warm,clothing,Is it suitable for winter?,Rb,1.458101511001587,1,phrase,mid
15,4,48,864,mghljkqr,carrot,Does it grow on a tree?,Ry,2.369666337966919,1,word,high
15,4,101,767,nocturnal,mammal,Does it lay eggs?,Ry,2.4624176025390625,1,phrase,mid
15,4,107,895,xkq,weather,Is it predictable?,Rb,2.0684714317321777,0,word,low
15,4,111,708,vpbyzkgrf,rose,Is it fragrant?,Rb,1.366347312927246,1,word,high
15,4,176,859,qxsw,vegetable,Is it good for your health?,Rb,1.299527883529663,1,word,low
15,5,16,655,rvqf,car,Does it have shells?,Ry,2.5412087440490723,1,word,low
15,5,30,848,digging,tool,Is it typically found in the garden?,Rb,2.1991236209869385,1,phrase,mid
15,5,86,869,leafy,vegetable,Is it fibrous?,Rb,1.1858305931091309,1,phrase,mid
15,5,99,735,zrtqgfplh,ruby,Is it for eating?,Ry,1.9208664894104004,1,word,high
15,5,103,647,residential,building,Does it have wheels?,Ry,1.6904809474945068,1,phrase,mid
15,5,151,820,wvcnz,sculpture,Is it decorative?,Rb,1.8849639892578125,1,word,low
15,5,156,828,rjdnw,clogs,Is it typically made of paper?,Ry,1.797196626663208,1,word,high
17,1,31,869,leafy,vegetable,Is it fibrous?,Ry,2.625978708267212,0,phrase,mid
17,1,78,618,fxldmr,owl,Does it have feathers?,Rb,1.6844966411590576,1,word,high
17,1,102,647,residential,building,Does it have wheels?,Ry,1.98469352722168,1,phrase,mid
17,1,113,726,ptrgsbkv,apple,Is it stripy?,Ry,2.233022689819336,1,word,high
17,1,115,843,zrtqgfplh,icicle,Is it cold?,Rb,1.687482833862305,1,word,high
17,1,121,828,rjdnw,clogs,Is it typically made of paper?,Ry,2.109354019165039,1,word,high
17,2,37,608,warm,bedding,Is it thin?,Ry,2.472386598587036,1,phrase,mid
17,2,46,733,wvcnz,gem,Is it shiny?,Rb,2.2818963527679443,1,word,low
17,2,87,820,wvcnz,sculpture,Is it decorative?,Ry,2.4235177040100098,0,word,low
17,2,121,698,guide,dog,Is it disobedient?,Ry,2.3467252254486084,1,phrase,mid
17,2,124,859,qxsw,vegetable,Is it good for your health?,Rb,2.174185991287231,1,word,low
17,2,137,881,medical,vehicle,Is it fast?,Rb,1.7991886138916016,1,phrase,mid
17,2,179,690,rjdnw,phone,Is it soft to touch?,Ry,2.524249315261841,1,word,high
17,3,15,706,ptrgsbkv,flower,Does it have teeth?,Ry,1.8979253768920896,1,word,low
17,3,44,716,purple,fruit,Does it have petals?,Ry,2.5551681518554688,1,phrase,mid
17,3,47,700,fxldmr,fish,Does it have fins?,Rb,2.06447982788086,1,word,low
17,3,77,895,xkq,weather,Is it predictable?,Ry,1.5867574214935305,1,word,low
17,3,125,671,warm,clothing,Is it suitable for winter?,Rb,2.0894131660461426,1,phrase,mid
17,3,144,657,fxldmr,limousine,Is it typically flat?,NA,3.0009751319885254,0,word,high
17,3,146,763,qxsw,mammal,Does it grow roots?,Ry,2.758624315261841,1,word,low
17,4,27,655,rvqf,car,Does it have shells?,Ry,1.925849199295044,1,word,low
17,4,54,864,mghljkqr,carrot,Does it grow on a tree?,Ry,1.9108905792236328,1,word,high
17,4,112,848,digging,tool,Is it typically found in the garden?,Rb,2.2370176315307617,1,phrase,mid
17,4,133,737,blue,gem,Is it valuable?,Rb,2.030572414398194,1,phrase,mid
17,4,155,745,htbqzylm,horse,Does it have scales?,Ry,2.66587233543396,1,word,low
17,5,7,771,htbqzylm,hedgehog,Has it got spines?,Rb,1.514949083328247,1,word,high
17,5,10,735,zrtqgfplh,ruby,Is it for eating?,Ry,1.6346290111541748,1,word,high
17,5,23,883,bxfjwts,vehicle,Does it carry people?,Rb,2.418534755706787,1,word,low
17,5,118,708,vpbyzkgrf,rose,Is it fragrant?,Rb,2.5851430892944336,1,word,high
17,5,122,767,nocturnal,mammal,Does it lay eggs?,Ry,2.2669389247894287,1,phrase,mid
18,1,10,771,htbqzylm,hedgehog,Has it got spines?,Ry,1.493006706237793,0,word,high
18,1,76,618,fxldmr,owl,Does it have feathers?,Rb,1.0182747840881348,1,word,high
18,1,86,690,rjdnw,phone,Is it soft to touch?,Ry,0.9384915828704834,1,word,high
18,1,127,671,warm,clothing,Is it suitable for winter?,Rb,1.1479296684265137,1,phrase,mid
18,1,169,698,guide,dog,Is it disobedient?,Ry,1.1080374717712402,1,phrase,mid
18,2,34,647,residential,building,Does it have wheels?,Ry,1.206773042678833,1,phrase,mid
18,2,61,828,rjdnw,clogs,Is it typically made of paper?,Ry,1.0312471389770508,1,word,high
18,2,94,608,warm,bedding,Is it thin?,Ry,1.3464038372039795,1,phrase,mid
18,2,100,820,wvcnz,sculpture,Is it decorative?,Rb,0.7769243717193604,1,word,low
18,2,124,716,purple,fruit,Does it have petals?,Ry,0.956446886062622,1,phrase,mid
18,2,142,859,qxsw,vegetable,Is it good for your health?,Rb,0.6712052822113037,1,word,low
18,3,4,735,zrtqgfplh,ruby,Is it for eating?,Ry,1.012293577194214,1,word,high
18,3,7,706,ptrgsbkv,flower,Does it have teeth?,Ry,0.7819063663482666,1,word,low
18,3,40,657,fxldmr,limousine,Is it typically flat?,Ry,1.2995245456695557,0,word,high
18,3,47,733,wvcnz,gem,Is it shiny?,Rb,0.7629609107971191,1,word,low
18,3,60,745,htbqzylm,horse,Does it have scales?,Ry,0.9115617275238036,1,word,low
18,3,110,843,zrtqgfplh,icicle,Is it cold?,Rb,0.8906176090240479,1,word,high
18,3,163,895,xkq,weather,Is it predictable?,Ry,0.9943399429321288,1,word,low
18,4,12,737,blue,gem,Is it valuable?,Ry,0.94646954536438,0,phrase,mid
18,4,24,883,bxfjwts,vehicle,Does it carry people?,Rb,0.99534010887146,1,word,low
18,4,37,767,nocturnal,mammal,Does it lay eggs?,Ry,1.2327041625976562,1,phrase,mid
18,4,41,848,digging,tool,Is it typically found in the garden?,Rb,0.8656854629516602,1,phrase,mid
18,4,42,726,ptrgsbkv,apple,Is it stripy?,Ry,0.9514563083648682,1,word,high
18,4,43,700,fxldmr,fish,Does it have fins?,Rb,1.128981351852417,1,word,low
18,4,106,708,vpbyzkgrf,rose,Is it fragrant?,Rb,0.9345009326934814,1,word,high
18,4,128,763,qxsw,mammal,Does it grow roots?,Ry,0.8826391696929932,1,word,low
18,4,155,881,medical,vehicle,Is it fast?,Rb,1.118009328842163,1,phrase,mid
18,4,162,655,rvqf,car,Does it have shells?,Ry,0.6692099571228027,1,word,low
18,5,63,864,mghljkqr,carrot,Does it grow on a tree?,Ry,1.0621600151062012,1,word,high
18,5,103,869,leafy,vegetable,Is it fibrous?,Rb,1.0013213157653809,1,phrase,mid
19,1,35,655,rvqf,car,Does it have shells?,Ry,2.256962299346924,1,word,low
19,1,41,869,leafy,vegetable,Is it fibrous?,Ry,2.6529018878936768,0,phrase,mid
19,1,66,618,fxldmr,owl,Does it have feathers?,Rb,1.595731496810913,1,word,high
19,1,68,767,nocturnal,mammal,Does it lay eggs?,Rb,2.4634103775024414,0,phrase,mid
19,1,77,698,guide,dog,Is it disobedient?,Ry,1.1908142566680908,1,phrase,mid
19,1,100,726,ptrgsbkv,apple,Is it stripy?,Ry,2.4055657386779785,1,word,high
19,1,114,706,ptrgsbkv,flower,Does it have teeth?,Ry,1.9188673496246336,1,word,low
19,1,127,737,blue,gem,Is it valuable?,Rb,1.2097654342651367,1,phrase,mid
19,2,27,820,wvcnz,sculpture,Is it decorative?,Rb,1.2636208534240725,1,word,low
19,2,28,828,rjdnw,clogs,Is it typically made of paper?,Ry,1.2735929489135742,1,word,high
19,2,38,735,zrtqgfplh,ruby,Is it for eating?,Ry,1.3713312149047852,1,word,high
19,2,75,690,rjdnw,phone,Is it soft to touch?,Ry,1.1210012435913086,1,word,high
19,2,97,708,vpbyzkgrf,rose,Is it fragrant?,Rb,0.822798490524292,1,word,high
19,2,117,843,zrtqgfplh,icicle,Is it cold?,Rb,0.7101001739501953,1,word,high
19,2,126,883,bxfjwts,vehicle,Does it carry people?,Rb,0.8437445163726807,1,word,low
19,2,180,745,htbqzylm,horse,Does it have scales?,Ry,1.1259877681732178,1,word,low
19,3,1,657,fxldmr,limousine,Is it typically flat?,Ry,1.6296401023864746,0,word,high
19,3,18,763,qxsw,mammal,Does it grow roots?,Ry,1.577780008,1,word,low
19,3,53,671,warm,clothing,Is it suitable for winter?,Rb,1.3134853839874268,1,phrase,mid
19,3,74,733,wvcnz,gem,Is it shiny?,Rb,0.6921494007110596,1,word,low
19,3,89,647,residential,building,Does it have wheels?,Ry,1.223727464675903,1,phrase,mid
19,3,169,895,xkq,weather,Is it predictable?,Ry,1.094071388244629,1,word,low
19,4,2,881,medical,vehicle,Is it fast?,Rb,0.7350316047668457,1,phrase,mid
19,4,90,771,htbqzylm,hedgehog,Has it got spines?,Rb,1.5518484115600586,1,word,high
19,4,91,859,qxsw,vegetable,Is it good for your health?,Rb,1.2107625007629397,1,word,low
19,5,96,716,purple,fruit,Does it have petals?,Ry,1.4421472549438477,1,phrase,mid
19,5,104,700,fxldmr,fish,Does it have fins?,Rb,1.3444101810455322,1,word,low
19,5,106,848,digging,tool,Is it typically found in the garden?,Rb,1.673532247543335,1,phrase,mid
19,5,165,864,mghljkqr,carrot,Does it grow on a tree?,Ry,1.00232195854187,1,word,high
19,5,169,608,warm,bedding,Is it thin?,Ry,1.550856113433838,1,phrase,mid
20,1,7,881,medical,vehicle,Is it fast?,Rb,2.571125268936157,1,phrase,mid
20,1,19,848,digging,tool,Is it typically found in the garden?,Rb,1.649590015411377,1,phrase,mid
20,1,85,767,nocturnal,mammal,Does it lay eggs?,Rb,2.9550986289978027,0,phrase,mid
20,1,90,608,warm,bedding,Is it thin?,NA,3.000976085662842,0,phrase,mid
20,1,109,657,fxldmr,limousine,Is it typically flat?,NA,3.000974655151367,0,word,high
20,1,117,869,leafy,vegetable,Is it fibrous?,Rb,1.3633558750152588,1,phrase,mid
20,1,153,690,rjdnw,phone,Is it soft to touch?,Ry,1.3324379920959473,1,word,high
20,1,157,708,vpbyzkgrf,rose,Is it fragrant?,Rb,0.9684104919433594,1,word,high
20,1,166,618,fxldmr,owl,Does it have feathers?,Rb,1.2706031799316406,1,word,high
20,1,172,895,xkq,weather,Is it predictable?,Ry,1.6236579418182373,1,word,low
20,2,22,859,qxsw,vegetable,Is it good for your health?,Rb,1.8719940185546875,1,word,low
20,2,43,735,zrtqgfplh,ruby,Is it for eating?,Ry,1.2177445888519287,1,word,high
20,2,58,698,guide,dog,Is it disobedient?,Ry,1.4102306365966797,1,phrase,mid
20,2,107,647,residential,building,Does it have wheels?,Ry,1.5199346542358398,1,phrase,mid
20,2,153,763,qxsw,mammal,Does it grow roots?,Rb,1.3862926959991455,0,word,low
20,3,3,671,warm,clothing,Is it suitable for winter?,Rb,1.2506568431854248,1,phrase,mid
20,3,112,828,rjdnw,clogs,Is it typically made of paper?,Ry,1.789215087890625,1,word,high
20,3,142,771,htbqzylm,hedgehog,Has it got spines?,Rb,1.4650819301605225,1,word,high
20,3,165,864,mghljkqr,carrot,Does it grow on a tree?,Ry,1.7014498710632324,1,word,high
20,3,167,733,wvcnz,gem,Is it shiny?,Rb,0.94547271728515625,1,word,low
20,4,13,745,htbqzylm,horse,Does it have scales?,Ry,1.123990535736084,1,word,low
20,4,26,737,blue,gem,Is it valuable?,Rb,0.9315087795257568,1,phrase,mid
20,4,33,716,purple,fruit,Does it have petals?,Ry,1.3394179344177246,1,phrase,mid
20,4,81,883,bxfjwts,vehicle,Does it carry people?,Rb,1.4790444374084473,1,word,low
20,4,97,700,fxldmr,fish,Does it have fins?,Rb,1.2476632595062256,1,word,low
20,4,98,726,ptrgsbkv,apple,Is it stripy?,Ry,1.9358229637146,1,word,high
20,4,177,655,rvqf,car,Does it have shells?,Ry,1.2805750370025637,1,word,low
20,5,11,843,zrtqgfplh,icicle,Is it cold?,Rb,1.37731671333313,1,word,high
20,5,67,706,ptrgsbkv,flower,Does it have teeth?,Ry,2.200115919113159,1,word,low
20,5,129,820,wvcnz,sculpture,Is it decorative?,Rb,1.3882875442504885,1,word,low
21,1,22,771,htbqzylm,hedgehog,Has it got spines?,Rb,2.62398362159729,1,word,high
21,1,37,698,guide,dog,Is it disobedient?,Ry,1.6665432453155518,1,phrase,mid
21,1,45,767,nocturnal,mammal,Does it lay eggs?,Ry,1.9029114246368408,1,phrase,mid
21,1,68,737,blue,gem,Is it valuable?,Rb,1.103050708770752,1,phrase,mid
21,1,89,848,digging,tool,Is it typically found in the garden?,Rb,1.9138813018798828,1,phrase,mid
21,1,97,820,wvcnz,sculpture,Is it decorative?,Rb,1.3783142566680908,1,word,low
21,1,155,726,ptrgsbkv,apple,Is it stripy?,Ry,1.2885539531707764,1,word,high
21,1,167,763,qxsw,mammal,Does it grow roots?,Ry,1.588749885559082,1,word,low
21,2,9,690,rjdnw,phone,Is it soft to touch?,Ry,2.6329591274261475,1,word,high
21,2,20,708,vpbyzkgrf,rose,Is it fragrant?,Rb,1.0372262001037598,1,word,high
21,2,92,883,bxfjwts,vehicle,Does it carry people?,Rb,2.416534423828125,1,word,low
21,2,122,881,medical,vehicle,Is it fast?,Ry,1.4042401313781738,0,phrase,mid
21,2,128,733,wvcnz,gem,Is it shiny?,Rb,1.399256467819214,1,word,low
21,2,144,647,residential,building,Does it have wheels?,Ry,2.253971815109253,1,phrase,mid
21,2,166,895,xkq,weather,Is it predictable?,Rb,2.2420034408569336,0,word,low
21,2,171,671,warm,clothing,Is it suitable for winter?,Rb,1.5648159980773926,1,phrase,mid
21,3,25,716,purple,fruit,Does it have petals?,Ry,1.5299084186553955,1,phrase,mid
21,3,73,745,htbqzylm,horse,Does it have scales?,Ry,1.531904697418213,1,word,low
21,3,180,618,fxldmr,owl,Does it have feathers?,Rb,1.8490540981292725,1,word,high
21,4,49,700,fxldmr,fish,Does it have fins?,Rb,1.488020896911621,1,word,low
21,4,63,828,rjdnw,clogs,Is it typically made of paper?,Rb,2.294863224029541,0,word,high
21,4,153,706,ptrgsbkv,flower,Does it have teeth?,Ry,1.5269179344177246,1,word,low
21,4,164,735,zrtqgfplh,ruby,Is it for eating?,Ry,1.6864912509918213,1,word,high
21,5,29,657,fxldmr,limousine,Is it typically flat?,Rb,1.9846916198730469,1,word,high
21,5,44,859,qxsw,vegetable,Is it good for your health?,Rb,1.468074083328247,1,word,low
21,5,96,655,rvqf,car,Does it have shells?,Ry,2.8633432388305664,1,word,low
21,5,128,843,zrtqgfplh,icicle,Is it cold?,Rb,1.0342342853546145,1,word,high
21,5,143,869,leafy,vegetable,Is it fibrous?,Rb,2.241007089614868,1,phrase,mid
21,5,160,608,warm,bedding,Is it thin?,Ry,1.842064619064331,1,phrase,mid
21,5,163,864,mghljkqr,carrot,Does it grow on a tree?,Ry,1.9218618869781492,1,word,high
22,1,39,733,wvcnz,gem,Is it shiny?,Rb,1.205777645111084,1,word,low
22,1,61,883,bxfjwts,vehicle,Does it carry people?,Rb,1.0671494007110596,1,word,low
22,1,85,698,guide,dog,Is it disobedient?,Ry,1.3354310989379885,1,phrase,mid
22,1,109,706,ptrgsbkv,flower,Does it have teeth?,Ry,1.1509239673614502,1,word,low
22,1,144,895,xkq,weather,Is it predictable?,Ry,1.23868989944458,1,word,low
22,1,154,869,leafy,vegetable,Is it fibrous?,Rb,1.4461355209350586,1,phrase,mid
22,1,164,864,mghljkqr,carrot,Does it grow on a tree?,Ry,1.1190109252929688,1,word,high
22,2,5,655,rvqf,car,Does it have shells?,Ry,1.3354175090789795,1,word,low
22,2,59,737,blue,gem,Is it valuable?,Rb,1.469074249267578,1,phrase,mid
22,2,61,647,residential,building,Does it have wheels?,Ry,0.9793813228607178,1,phrase,mid
22,2,65,848,digging,tool,Is it typically found in the garden?,Rb,1.2077736854553225,1,phrase,mid
22,2,102,859,qxsw,vegetable,Is it good for your health?,Rb,1.519939422607422,1,word,low
22,2,109,745,htbqzylm,horse,Does it have scales?,Ry,1.095073938369751,1,word,low
22,2,146,771,htbqzylm,hedgehog,Has it got spines?,Rb,1.0132935047149658,1,word,high
22,2,156,881,medical,vehicle,Is it fast?,Rb,1.2267217636108398,1,phrase,mid
22,2,162,767,nocturnal,mammal,Does it lay eggs?,Ry,1.2626259326934814,1,phrase,mid
22,2,176,608,warm,bedding,Is it thin?,Ry,1.5588345527648926,1,phrase,mid
22,3,17,690,rjdnw,phone,Is it soft to touch?,Ry,1.356374979019165,1,word,high
22,3,61,843,zrtqgfplh,icicle,Is it cold?,Rb,1.0761244297027588,1,word,high
22,3,66,671,warm,clothing,Is it suitable for winter?,Rb,1.0930793285369873,1,phrase,mid
22,3,170,820,wvcnz,sculpture,Is it decorative?,Rb,0.9953269958496094,1,word,low
22,4,15,700,fxldmr,fish,Does it have fins?,Rb,1.2127554416656494,1,word,low
22,4,45,763,qxsw,mammal,Does it grow roots?,Ry,1.1569099426269531,1,word,low
22,5,9,657,fxldmr,limousine,Is it typically flat?,Rb,2.399585485458374,1,word,high
22,5,61,708,vpbyzkgrf,rose,Is it fragrant?,Rb,1.4281795024871826,1,word,high
22,5,99,828,rjdnw,clogs,Is it typically made of paper?,Ry,1.358364820480347,1,word,high
22,5,122,735,zrtqgfplh,ruby,Is it for eating?,Ry,1.3234584331512451,1,word,high
22,5,132,618,fxldmr,owl,Does it have feathers?,Rb,1.1299803256988523,1,word,high
22,5,149,726,ptrgsbkv,apple,Is it stripy?,Ry,2.1791751384735107,1,word,high
22,5,173,716,purple,fruit,Does it have petals?,Ry,1.2536497116088867,1,phrase,mid
23,1,39,706,ptrgsbkv,flower,Does it have teeth?,Ry,1.8620193004608157,1,word,low
23,1,41,864,mghljkqr,carrot,Does it grow on a tree?,Ry,1.313485860824585,1,word,high
23,1,46,647,residential,building,Does it have wheels?,Ry,1.3174750804901123,1,phrase,mid
23,1,48,767,nocturnal,mammal,Does it lay eggs?,Ry,1.260627508163452,1,phrase,mid
23,1,53,608,warm,bedding,Is it thin?,Ry,1.7463290691375732,1,phrase,mid
23,1,83,618,fxldmr,owl,Does it have feathers?,Rb,1.3025152683258057,1,word,high
23,1,88,671,warm,clothing,Is it suitable for winter?,Ry,1.77225923538208,0,phrase,mid
23,1,119,726,ptrgsbkv,apple,Is it stripy?,Ry,0.9893546104431152,1,word,high
23,1,144,895,xkq,weather,Is it predictable?,Ry,1.6077003479003906,1,word,low
23,2,11,843,zrtqgfplh,icicle,Is it cold?,Rb,1.868980407714844,1,word,high
23,2,17,763,qxsw,mammal,Does it grow roots?,Ry,1.1439266204833984,1,word,low
23,2,28,771,htbqzylm,hedgehog,Has it got spines?,Rb,1.4261698722839355,1,word,high
23,2,31,700,fxldmr,fish,Does it have fins?,Rb,1.597707986831665,1,word,low
23,2,81,848,digging,tool,Is it typically found in the garden?,Rb,2.0614845752716064,1,phrase,mid
23,2,131,708,vpbyzkgrf,rose,Is it fragrant?,Rb,1.513951301574707,1,word,high
23,2,138,820,wvcnz,sculpture,Is it decorative?,Rb,1.501981258392334,1,word,low
23,2,163,883,bxfjwts,vehicle,Does it carry people?,Rb,1.2376887798309326,1,word,low
23,3,9,745,htbqzylm,horse,Does it have scales?,Ry,1.496994972229004,1,word,low
23,3,17,869,leafy,vegetable,Is it fibrous?,Rb,1.9198639392852783,1,phrase,mid
23,3,27,716,purple,fruit,Does it have petals?,Ry,2.09439754486084,1,phrase,mid
23,3,117,737,blue,gem,Is it valuable?,Rb,1.5109493732452393,1,phrase,mid
23,3,132,657,fxldmr,limousine,Is it typically flat?,Ry,2.8673136234283447,0,word,high
23,4,122,735,zrtqgfplh,ruby,Is it for eating?,Ry,1.360360860824585,1,word,high
23,4,143,881,medical,vehicle,Is it fast?,Rb,2.2539706230163574,1,phrase,mid
23,4,170,655,rvqf,car,Does it have shells?,Ry,1.7453322410583496,1,word,low
23,5,12,828,rjdnw,clogs,Is it typically made of paper?,Ry,2.047521114349365,1,word,high
23,5,14,698,guide,dog,Is it disobedient?,Ry,1.3403983116149902,1,phrase,mid
23,5,51,690,rjdnw,phone,Is it soft to touch?,Ry,1.711432695388794,1,word,high
23,5,136,733,wvcnz,gem,Is it shiny?,Rb,1.6964728832244873,1,word,low
23,5,143,859,qxsw,vegetable,Is it good for your health?,Rb,1.0821051597595217,1,word,low
24,1,68,671,warm,clothing,Is it suitable for winter?,Rb,1.9078972339630127,1,phrase,mid
24,1,146,647,residential,building,Does it have wheels?,Ry,1.8211314678192136,1,phrase,mid
24,1,155,608,warm,bedding,Is it thin?,Ry,2.226050615310669,1,phrase,mid
24,1,163,618,fxldmr,owl,Does it have feathers?,Rb,1.6316370964050293,1,word,high
24,1,177,745,htbqzylm,horse,Does it have scales?,Ry,1.745333909988403,1,word,low
24,2,117,655,rvqf,car,Does it have shells?,Ry,1.7423388957977295,1,word,low
24,2,128,843,zrtqgfplh,icicle,Is it cold?,Rb,1.830106258392334,1,word,high
24,2,167,700,fxldmr,fish,Does it have fins?,Rb,1.2755894660949707,1,word,low
24,3,42,767,nocturnal,mammal,Does it lay eggs?,Rb,1.7971925735473633,0,phrase,mid
24,3,129,735,zrtqgfplh,ruby,Is it for eating?,Ry,1.7951977252960205,1,word,high
24,3,168,763,qxsw,mammal,Does it grow roots?,Ry,2.2110860347747803,1,word,low
24,4,5,771,htbqzylm,hedgehog,Has it got spines?,Rb,2.1412723064422607,1,word,high
24,4,33,820,wvcnz,sculpture,Is it decorative?,Ry,2.3447296619415283,0,word,low
24,4,34,706,ptrgsbkv,flower,Does it have teeth?,Ry,1.7273797988891602,1,word,low
24,4,57,881,medical,vehicle,Is it fast?,Rb,1.8350932598114011,1,phrase,mid
24,4,63,859,qxsw,vegetable,Is it good for your health?,Rb,1.499988317489624,1,word,low
24,4,70,690,rjdnw,phone,Is it soft to touch?,Rb,1.8560357093811035,0,word,high
24,4,75,733,wvcnz,gem,Is it shiny?,Rb,1.4590966701507568,1,word,low
24,4,91,864,mghljkqr,carrot,Does it grow on a tree?,Ry,1.6505866050720217,1,word,high
24,4,113,657,fxldmr,limousine,Is it typically flat?,Ry,1.7253854274749756,0,word,high
24,4,153,737,blue,gem,Is it valuable?,Rb,1.6874945163726809,1,phrase,mid
24,5,1,716,purple,fruit,Does it have petals?,Rb,2.63795805,0,phrase,mid
24,5,11,895,xkq,weather,Is it predictable?,Rb,2.0545132160186768,0,word,low
24,5,21,848,digging,tool,Is it typically found in the garden?,Rb,2.690815687179565,1,phrase,mid
24,5,32,698,guide,dog,Is it disobedient?,Rb,2.373661518096924,0,phrase,mid
24,5,141,883,bxfjwts,vehicle,Does it carry people?,Rb,1.975722074508667,1,word,low
24,5,145,828,rjdnw,clogs,Is it typically made of paper?,Ry,2.7626187801361084,1,word,high
24,5,150,726,ptrgsbkv,apple,Is it stripy?,Rb,2.431502342224121,0,word,high
24,5,167,869,leafy,vegetable,Is it fibrous?,Ry,2.911220073699951,0,phrase,mid
24,5,169,708,vpbyzkgrf,rose,Is it fragrant?,Rb,1.5309085845947266,1,word,high
25,1,33,895,xkq,weather,Is it predictable?,Rb,2.0565011501312256,1,word,low
25,1,36,763,qxsw,mammal,Does it grow roots?,Ry,2.2599575519561768,0,word,low
25,1,47,828,rjdnw,clogs,Is it typically made of paper?,Ry,2.2270450592041016,0,word,high
25,1,49,771,htbqzylm,hedgehog,Has it got spines?,Rb,1.819135665893555,0,word,high
25,1,65,700,fxldmr,fish,Does it have fins?,NA,3.0009758472442627,1,word,low
25,1,90,843,zrtqgfplh,icicle,Is it cold?,Ry,1.076122522354126,1,word,high
25,1,114,671,warm,clothing,Is it suitable for winter?,Ry,1.5388853549957275,1,phrase,mid
25,1,131,726,ptrgsbkv,apple,Is it stripy?,Rb,1.8610358238220213,1,word,high
25,1,162,864,mghljkqr,carrot,Does it grow on a tree?,Rb,2.6220061779022217,1,word,high
25,2,19,883,bxfjwts,vehicle,Does it carry people?,Ry,2.3806345462799072,1,word,low
25,2,42,745,htbqzylm,horse,Does it have scales?,Rb,1.6854934692382812,1,word,low
25,2,58,706,ptrgsbkv,flower,Does it have teeth?,Rb,1.6974611282348633,1,word,low
25,2,128,708,vpbyzkgrf,rose,Is it fragrant?,Ry,1.397264003753662,1,word,high
25,2,154,733,wvcnz,gem,Is it shiny?,Ry,1.1080389022827148,1,word,low
25,2,158,869,leafy,vegetable,Is it fibrous?,Ry,0.8806452751159668,1,phrase,mid
25,2,163,767,nocturnal,mammal,Does it lay eggs?,Rb,2.4464592933654785,1,phrase,mid
25,3,40,716,purple,fruit,Does it have petals?,NA,3.0009758472442627,1,phrase,mid
25,3,143,608,warm,bedding,Is it thin?,Rb,1.7702555656433103,1,phrase,mid
25,3,147,735,zrtqgfplh,ruby,Is it for eating?,Rb,1.4541022777557373,1,word,high
25,4,53,655,rvqf,car,Does it have shells?,Rb,2.605034589767456,1,word,low
25,4,70,657,fxldmr,limousine,Is it typically flat?,Rb,2.683824062347412,0,word,high
25,4,75,737,blue,gem,Is it valuable?,Ry,1.477051019668579,1,phrase,mid
25,4,79,690,rjdnw,phone,Is it soft to touch?,Rb,1.8829636573791504,1,word,high
25,4,161,647,residential,building,Does it have wheels?,Rb,1.5428745746612549,1,phrase,mid
25,5,14,820,wvcnz,sculpture,Is it decorative?,NA,3.0009758472442627,1,word,low
25,5,74,698,guide,dog,Is it disobedient?,Rb,1.720400094985962,1,phrase,mid
25,5,78,859,qxsw,vegetable,Is it good for your health?,Ry,2.1711947917938232,1,word,low
25,5,88,618,fxldmr,owl,Does it have feathers?,Ry,1.3344321250915527,1,word,high
25,5,100,881,medical,vehicle,Is it fast?,Ry,1.0352320671081543,1,phrase,mid
25,5,137,848,digging,tool,Is it typically found in the garden?,Ry,1.0950725078582764,1,phrase,mid
26,1,77,618,fxldmr,owl,Does it have feathers?,Ry,1.9009156227111816,0,word,high
26,1,83,657,fxldmr,limousine,Is it typically flat?,NA,3.0009732246398926,0,word,high
26,1,118,700,fxldmr,fish,Does it have fins?,Rb,1.237689733505249,1,word,low
26,2,9,881,medical,vehicle,Is it fast?,Rb,1.4481313228607178,1,phrase,mid
26,2,48,771,htbqzylm,hedgehog,Has it got spines?,Rb,1.4521205425262451,1,word,high
26,2,69,848,digging,tool,Is it typically found in the garden?,Rb,1.8530480861663816,1,phrase,mid
26,2,121,763,qxsw,mammal,Does it grow roots?,Ry,1.241680145263672,1,word,low
26,2,126,671,warm,clothing,Is it suitable for winter?,Rb,1.462090015411377,1,phrase,mid
26,2,128,843,zrtqgfplh,icicle,Is it cold?,Rb,1.0860965251922607,1,word,high
26,2,173,869,leafy,vegetable,Is it fibrous?,Rb,2.067471027374268,1,phrase,mid
26,3,17,726,ptrgsbkv,apple,Is it stripy?,Ry,1.172863245010376,1,word,high
26,3,33,608,warm,bedding,Is it thin?,Ry,1.3085007667541504,1,phrase,mid
26,3,34,733,wvcnz,gem,Is it shiny?,Rb,1.153914213180542,1,word,low
26,3,77,864,mghljkqr,carrot,Does it grow on a tree?,Rb,1.4371564388275146,0,word,high
26,3,95,647,residential,building,Does it have wheels?,Ry,1.7592949867248535,1,phrase,mid
26,3,123,708,vpbyzkgrf,rose,Is it fragrant?,Rb,1.4521162509918213,1,word,high
26,3,131,883,bxfjwts,vehicle,Does it carry people?,Rb,1.488020420074463,1,word,low
26,4,56,859,qxsw,vegetable,Is it good for your health?,Rb,1.3823025226593018,1,word,low
26,4,86,655,rvqf,car,Does it have shells?,NA,3.000972032546997,0,word,low
26,4,95,737,blue,gem,Is it valuable?,Rb,1.3623559474945068,1,phrase,mid
26,4,113,716,purple,fruit,Does it have petals?,Ry,2.4344868659973145,1,phrase,mid
26,4,125,828,rjdnw,clogs,Is it typically made of paper?,Ry,1.6685376167297363,1,word,high
26,4,132,690,rjdnw,phone,Is it soft to touch?,Ry,1.159898042678833,1,word,high
26,5,4,820,wvcnz,sculpture,Is it decorative?,Rb,1.212756633758545,1,word,low
26,5,42,767,nocturnal,mammal,Does it lay eggs?,Ry,1.9069011211395264,1,phrase,mid
26,5,68,706,ptrgsbkv,flower,Does it have teeth?,Ry,1.4331715106964111,1,word,low
26,5,117,895,xkq,weather,Is it predictable?,Ry,1.1379621028900146,1,word,low
26,5,157,745,htbqzylm,horse,Does it have scales?,Ry,1.4900202751159668,1,word,low
26,5,159,698,guide,dog,Is it disobedient?,Ry,1.8450725078582764,1,phrase,mid
26,5,176,735,zrtqgfplh,ruby,Is it for eating?,Ry,1.0202720165252686,1,word,high
27,1,77,618,fxldmr,owl,Does it have feathers?,Ry,1.9009156227111816,0,word,high
27,1,83,657,fxldmr,limousine,Is it typically flat?,NA,3.0009732246398926,0,word,high
27,1,118,700,fxldmr,fish,Does it have fins?,Rb,1.237689733505249,1,word,low
27,2,9,881,medical,vehicle,Is it fast?,Rb,1.4481313228607178,1,phrase,mid
27,2,48,771,htbqzylm,hedgehog,Has it got spines?,Rb,1.4521205425262451,1,word,high
27,2,69,848,digging,tool,Is it typically found in the garden?,Rb,1.8530480861663816,1,phrase,mid
27,2,121,763,qxsw,mammal,Does it grow roots?,Ry,1.241680145263672,1,word,low
27,2,126,671,warm,clothing,Is it suitable for winter?,Rb,1.462090015411377,1,phrase,mid
27,2,128,843,zrtqgfplh,icicle,Is it cold?,Rb,1.0860965251922607,1,word,high
27,2,173,869,leafy,vegetable,Is it fibrous?,Rb,2.067471027374268,1,phrase,mid
27,3,17,726,ptrgsbkv,apple,Is it stripy?,Ry,1.172863245010376,1,word,high
27,3,33,608,warm,bedding,Is it thin?,Ry,1.3085007667541504,1,phrase,mid
27,3,34,733,wvcnz,gem,Is it shiny?,Rb,1.153914213180542,1,word,low
27,3,77,864,mghljkqr,carrot,Does it grow on a tree?,Rb,1.4371564388275146,0,word,high
27,3,95,647,residential,building,Does it have wheels?,Ry,1.7592949867248535,1,phrase,mid
27,3,123,708,vpbyzkgrf,rose,Is it fragrant?,Rb,1.4521162509918213,1,word,high
27,3,131,883,bxfjwts,vehicle,Does it carry people?,Rb,1.488020420074463,1,word,low
27,4,56,859,qxsw,vegetable,Is it good for your health?,Rb,1.3823025226593018,1,word,low
27,4,86,655,rvqf,car,Does it have shells?,NA,3.000972032546997,0,word,low
27,4,95,737,blue,gem,Is it valuable?,Rb,1.3623559474945068,1,phrase,mid
27,4,113,716,purple,fruit,Does it have petals?,Ry,2.4344868659973145,1,phrase,mid
27,4,125,828,rjdnw,clogs,Is it typically made of paper?,Ry,1.6685376167297363,1,word,high
27,4,132,690,rjdnw,phone,Is it soft to touch?,Ry,1.159898042678833,1,word,high
27,5,4,820,wvcnz,sculpture,Is it decorative?,Rb,1.212756633758545,1,word,low
27,5,42,767,nocturnal,mammal,Does it lay eggs?,Ry,1.9069011211395264,1,phrase,mid
27,5,68,706,ptrgsbkv,flower,Does it have teeth?,Ry,1.4331715106964111,1,word,low
27,5,117,895,xkq,weather,Is it predictable?,Ry,1.1379621028900146,1,word,low
27,5,157,745,htbqzylm,horse,Does it have scales?,Ry,1.4900202751159668,1,word,low
27,5,159,698,guide,dog,Is it disobedient?,Ry,1.8450725078582764,1,phrase,mid
27,5,176,735,zrtqgfplh,ruby,Is it for eating?,Ry,1.0202720165252686,1,word,high
28,1,10,883,bxfjwts,vehicle,Does it carry people?,Rb,1.6805052757263184,1,word,low
28,1,19,881,medical,vehicle,Is it fast?,Rb,1.8380837440490725,1,phrase,mid
28,1,36,618,fxldmr,owl,Does it have feathers?,Rb,1.1608948707580566,1,word,high
28,1,64,820,wvcnz,sculpture,Is it decorative?,Rb,1.7852251529693604,1,word,low
28,1,117,733,wvcnz,gem,Is it shiny?,Rb,1.0352320671081543,1,word,low
28,1,148,735,zrtqgfplh,ruby,Is it for eating?,Ry,1.7353596687316897,1,word,high
28,1,164,864,mghljkqr,carrot,Does it grow on a tree?,Ry,1.8550376892089844,1,word,high
28,2,11,647,residential,building,Does it have wheels?,Ry,1.584761142730713,1,phrase,mid
28,2,19,706,ptrgsbkv,flower,Does it have teeth?,Ry,1.3583669662475586,1,word,low
28,2,26,608,warm,bedding,Is it thin?,Ry,1.7463293075561523,1,phrase,mid
28,2,49,859,qxsw,vegetable,Is it good for your health?,Rb,1.9288411140441892,1,word,low
28,2,74,745,htbqzylm,horse,Does it have scales?,Ry,1.2945377826690674,1,word,low
28,2,152,671,warm,clothing,Is it suitable for winter?,Rb,1.6765215396881104,1,phrase,mid
28,3,25,716,purple,fruit,Does it have petals?,Ry,1.399259328842163,1,phrase,mid
28,3,49,848,digging,tool,Is it typically found in the garden?,Rb,1.7413463592529297,1,phrase,mid
28,3,73,763,qxsw,mammal,Does it grow roots?,Ry,1.5338997840881348,1,word,low
28,3,90,737,blue,gem,Is it valuable?,Rb,1.8670086860656736,1,phrase,mid
28,4,39,726,ptrgsbkv,apple,Is it stripy?,Ry,1.921861171722412,1,word,high
28,4,47,895,xkq,weather,Is it predictable?,Rb,1.8191359043121336,0,word,low
28,4,69,771,htbqzylm,hedgehog,Has it got spines?,Rb,1.259631633758545,1,word,high
28,4,125,869,leafy,vegetable,Is it fibrous?,Rb,1.874987363815308,1,phrase,mid
28,4,137,767,nocturnal,mammal,Does it lay eggs?,Ry,1.9507837295532229,1,phrase,mid
28,4,160,843,zrtqgfplh,icicle,Is it cold?,Rb,1.3803086280822754,1,word,high
28,4,164,700,fxldmr,fish,Does it have fins?,Rb,2.143269300460815,1,word,low
28,5,6,828,rjdnw,clogs,Is it typically made of paper?,Ry,2.1921379566192627,1,word,high
28,5,11,655,rvqf,car,Does it have shells?,Ry,1.8520488739013672,1,word,low
28,5,92,690,rjdnw,phone,Is it soft to touch?,Ry,1.671529769897461,1,word,high
28,5,103,657,fxldmr,limousine,Is it typically flat?,Rb,2.0076308250427246,1,word,high
28,5,143,698,guide,dog,Is it disobedient?,Ry,1.939811944961548,1,phrase,mid
28,5,165,708,vpbyzkgrf,rose,Is it fragrant?,Rb,1.7024469375610352,1,word,high
29,1,1,859,qxsw,vegetable,Is it good for your health?,Rb,0.8387570381164551,1,word,low
29,1,19,735,zrtqgfplh,ruby,Is it for eating?,Ry,1.0382254123687744,1,word,high
29,1,22,700,fxldmr,fish,Does it have fins?,Rb,1.4042441844940186,1,word,low
29,1,33,706,ptrgsbkv,flower,Does it have teeth?,Ry,0.757974386,1,word,low
29,1,38,895,xkq,weather,Is it predictable?,Ry,2.065476417541504,1,word,low
29,1,76,698,guide,dog,Is it disobedient?,Ry,0.9823558330535888,1,phrase,mid
29,2,22,745,htbqzylm,horse,Does it have scales?,Ry,1.1908164024353027,1,word,low
29,2,30,828,rjdnw,clogs,Is it typically made of paper?,Ry,1.145935297012329,1,word,high
29,2,41,848,digging,tool,Is it typically found in the garden?,Rb,0.9863622188568116,1,phrase,mid
29,2,54,771,htbqzylm,hedgehog,Has it got spines?,Rb,0.8646891117095947,1,word,high
29,2,59,647,residential,building,Does it have wheels?,Ry,0.8188104629516602,1,phrase,mid
29,2,148,733,wvcnz,gem,Is it shiny?,Rb,0.7629609107971191,1,word,low
29,3,52,869,leafy,vegetable,Is it fibrous?,Rb,1.2745933532714844,1,phrase,mid
29,3,101,726,ptrgsbkv,apple,Is it stripy?,Ry,0.90757417678833,1,word,high
29,3,122,690,rjdnw,phone,Is it soft to touch?,Ry,1.1419475078582764,1,word,high
29,3,146,843,zrtqgfplh,icicle,Is it cold?,Rb,0.6851680278778076,1,word,high
29,3,172,881,medical,vehicle,Is it fast?,Rb,1.0980641841888428,1,phrase,mid
29,4,26,883,bxfjwts,vehicle,Does it carry people?,Rb,1.2027833461761477,1,word,low
29,4,54,608,warm,bedding,Is it thin?,Ry,1.483032464981079,1,phrase,mid
29,4,150,820,wvcnz,sculpture,Is it decorative?,Rb,1.2616252899169922,1,word,low
29,5,1,716,purple,fruit,Does it have petals?,Ry,1.379324436187744,1,phrase,mid
29,5,48,618,fxldmr,owl,Does it have feathers?,Rb,0.8148283958435059,1,word,high
29,5,66,655,rvqf,car,Does it have shells?,Ry,1.5488717555999756,1,word,low
29,5,74,737,blue,gem,Is it valuable?,Rb,0.9195408821105956,1,phrase,mid
29,5,96,864,mghljkqr,carrot,Does it grow on a tree?,Ry,1.1170122623443604,1,word,high
29,5,112,767,nocturnal,mammal,Does it lay eggs?,Ry,1.591742992401123,1,phrase,mid
29,5,116,708,vpbyzkgrf,rose,Is it fragrant?,Rb,0.9993274211883544,1,word,high
29,5,124,671,warm,clothing,Is it suitable for winter?,Rb,1.3463983535766602,1,phrase,mid
29,5,160,763,qxsw,mammal,Does it grow roots?,Ry,1.336425542831421,1,word,low
29,5,168,657,fxldmr,limousine,Is it typically flat?,Ry,1.5209321975708008,0,word,high
30,1,12,657,fxldmr,limousine,Is it typically flat?,Ry,1.7971916198730469,0,word,high
30,1,84,655,rvqf,car,Does it have shells?,Ry,1.770263433456421,1,word,low
30,1,100,706,ptrgsbkv,flower,Does it have teeth?,Ry,1.33343243598938,1,word,low
30,1,127,733,wvcnz,gem,Is it shiny?,Ry,9.973049163818e-4,0,word,low
30,1,160,869,leafy,vegetable,Is it fibrous?,Ry,9.973049163818e-4,0,phrase,mid
30,2,37,771,htbqzylm,hedgehog,Has it got spines?,Rb,1.909890652,1,word,high
30,2,48,647,residential,building,Does it have wheels?,Ry,1.79918623,1,phrase,mid
30,2,64,883,bxfjwts,vehicle,Does it carry people?,Rb,1.288553238,1,word,low
30,2,84,618,fxldmr,owl,Does it have feathers?,Rb,1.603709221,1,word,high
30,2,108,767,nocturnal,mammal,Does it lay eggs?,Ry,2.512278557,1,phrase,mid
30,2,161,735,zrtqgfplh,ruby,Is it for eating?,Ry,1.301517963,1,word,high
30,3,19,700,fxldmr,fish,Does it have fins?,Ry,2.709751844406128,0,word,low
30,3,71,671,warm,clothing,Is it suitable for winter?,Rb,2.0505411624908447,1,phrase,mid
30,3,78,608,warm,bedding,Is it thin?,Ry,1.8899672031402588,1,phrase,mid
30,3,106,881,medical,vehicle,Is it fast?,Rb,2.0485451221466064,1,phrase,mid
30,3,132,737,blue,gem,Is it valuable?,Rb,1.4082515239715576,1,phrase,mid
30,3,150,864,mghljkqr,carrot,Does it grow on a tree?,Ry,2.2150747776031494,1,word,high
30,4,2,859,qxsw,vegetable,Is it good for your health?,Rb,1.0312414169311523,1,word,low
30,4,4,820,wvcnz,sculpture,Is it decorative?,Rb,1.3354272842407229,1,word,low
30,4,25,828,rjdnw,clogs,Is it typically made of paper?,Ry,1.4920082092285156,1,word,high
30,4,76,698,guide,dog,Is it disobedient?,Ry,1.4989900588989258,1,phrase,mid
30,4,80,708,vpbyzkgrf,rose,Is it fragrant?,Rb,1.3404145240783691,1,word,high
30,4,136,848,digging,tool,Is it typically found in the garden?,Rb,1.3493897914886477,1,phrase,mid
30,4,169,763,qxsw,mammal,Does it grow roots?,Ry,2.3566932678222656,1,word,low
30,5,35,745,htbqzylm,horse,Does it have scales?,Ry,1.2935423851013184,1,word,low
30,5,94,690,rjdnw,phone,Is it soft to touch?,NA,3.000971555709839,0,word,high
30,5,109,843,zrtqgfplh,icicle,Is it cold?,Rb,1.2935409545898438,1,word,high
30,5,135,895,xkq,weather,Is it predictable?,Ry,1.8201303482055664,1,word,low
30,5,140,716,purple,fruit,Does it have petals?,Rb,2.3756444454193115,0,phrase,mid
30,5,157,726,ptrgsbkv,apple,Is it stripy?,Ry,1.269603252410889,1,word,high
31,1,117,763,qxsw,mammal,Does it grow roots?,Ry,1.3503882884979248,1,word,low
31,1,118,700,fxldmr,fish,Does it have fins?,Rb,0.9175472259521484,1,word,low
31,1,126,735,zrtqgfplh,ruby,Is it for eating?,Ry,1.1269879341125488,1,word,high
31,1,175,881,medical,vehicle,Is it fast?,Rb,0.8926150798797607,1,phrase,mid
31,2,55,733,wvcnz,gem,Is it shiny?,Rb,0.9674136638641356,1,word,low
31,2,65,716,purple,fruit,Does it have petals?,Ry,1.388289451599121,1,phrase,mid
31,2,78,655,rvqf,car,Does it have shells?,Ry,1.2526514530181885,1,word,low
31,2,98,767,nocturnal,mammal,Does it lay eggs?,Rb,0.925527572631836,0,phrase,mid
31,2,133,706,ptrgsbkv,flower,Does it have teeth?,Ry,1.153916358947754,1,word,low
31,2,136,828,rjdnw,clogs,Is it typically made of paper?,Ry,1.23968768119812,1,word,high
31,2,168,895,xkq,weather,Is it predictable?,Ry,1.0023221969604492,1,word,low
31,3,19,848,digging,tool,Is it typically found in the garden?,Rb,1.1898193359375,1,phrase,mid
31,3,50,671,warm,clothing,Is it suitable for winter?,Rb,1.1728663444519043,1,phrase,mid
31,3,60,745,htbqzylm,horse,Does it have scales?,Ry,1.152918577194214,1,word,low
31,3,71,690,rjdnw,phone,Is it soft to touch?,Ry,1.335430383682251,1,word,high
31,3,85,859,qxsw,vegetable,Is it good for your health?,Rb,1.0831060409545898,1,word,low
31,3,93,869,leafy,vegetable,Is it fibrous?,Rb,1.134967565536499,1,phrase,mid
31,3,127,618,fxldmr,owl,Does it have feathers?,Rb,0.9983327388763428,1,word,high
31,3,134,771,htbqzylm,hedgehog,Has it got spines?,Rb,0.9833714962005616,1,word,high
31,3,175,737,blue,gem,Is it valuable?,Rb,0.8936111927032471,1,phrase,mid
31,4,28,657,fxldmr,limousine,Is it typically flat?,Rb,2.21108627319336,1,word,high
31,4,130,843,zrtqgfplh,icicle,Is it cold?,Rb,0.817814826965332,1,word,high
31,4,144,820,wvcnz,sculpture,Is it decorative?,Rb,1.070138931274414,1,word,low
31,4,169,708,vpbyzkgrf,rose,Is it fragrant?,Rb,1.010298728942871,1,word,high
31,5,8,608,warm,bedding,Is it thin?,Rb,1.393275499343872,0,phrase,mid
31,5,44,726,ptrgsbkv,apple,Is it stripy?,Ry,1.0342347621917725,1,word,high
31,5,55,698,guide,dog,Is it disobedient?,Ry,1.5418787002563477,1,phrase,mid
31,5,68,647,residential,building,Does it have wheels?,Ry,1.1409499645233154,1,phrase,mid
31,5,111,883,bxfjwts,vehicle,Does it carry people?,Rb,1.0890886783599854,1,word,low
31,5,178,864,mghljkqr,carrot,Does it grow on a tree?,Ry,1.2237281799316406,1,word,high
32,1,35,726,ptrgsbkv,apple,Is it stripy?,Ry,1.0372264385223389,1,word,high
32,1,45,820,wvcnz,sculpture,Is it decorative?,Rb,0.8676815032958984,1,word,low
32,1,76,657,fxldmr,limousine,Is it typically flat?,Rb,2.1881470680236816,1,word,high
32,1,153,608,warm,bedding,Is it thin?,Ry,1.4610917568206787,1,phrase,mid
32,2,4,881,medical,vehicle,Is it fast?,Rb,1.2755897045135498,1,phrase,mid
32,2,14,737,blue,gem,Is it valuable?,Rb,1.071134328842163,1,phrase,mid
32,2,22,698,guide,dog,Is it disobedient?,Ry,0.9055776596069336,1,phrase,mid
32,2,32,848,digging,tool,Is it typically found in the garden?,Rb,1.0890882015228271,1,phrase,mid
32,2,83,763,qxsw,mammal,Does it grow roots?,Ry,1.3005213737487793,1,word,low
32,2,112,767,nocturnal,mammal,Does it lay eggs?,Ry,1.6864888668060305,1,phrase,mid
32,2,159,843,zrtqgfplh,icicle,Is it cold?,Rb,1.0382227897644043,1,word,high
32,2,161,883,bxfjwts,vehicle,Does it carry people?,NA,3.0009727478027344,0,word,low
32,2,162,700,fxldmr,fish,Does it have fins?,Rb,1.0581693649291992,1,word,low
32,2,166,671,warm,clothing,Is it suitable for winter?,Rb,1.0631558895111084,1,phrase,mid
32,3,81,708,vpbyzkgrf,rose,Is it fragrant?,Rb,1.025261163711548,1,word,high
32,3,158,647,residential,building,Does it have wheels?,NA,3.0009772777557373,0,phrase,mid
32,4,4,895,xkq,weather,Is it predictable?,Rb,1.820133209228516,0,word,low
32,4,8,859,qxsw,vegetable,Is it good for your health?,Rb,1.924854516983032,1,word,low
32,4,16,735,zrtqgfplh,ruby,Is it for eating?,Ry,1.0731301307678225,1,word,high
32,4,26,655,rvqf,car,Does it have shells?,Ry,1.3154821395874023,1,word,low
32,4,63,618,fxldmr,owl,Does it have feathers?,Rb,0.8587050437927246,1,word,high
32,4,128,828,rjdnw,clogs,Is it typically made of paper?,Ry,2.193134307861328,1,word,high
32,4,176,869,leafy,vegetable,Is it fibrous?,Rb,1.2895519733428955,1,phrase,mid
32,5,8,745,htbqzylm,horse,Does it have scales?,Ry,1.2825696468353271,1,word,low
32,5,9,690,rjdnw,phone,Is it soft to touch?,Ry,1.1598985195159912,1,word,high
32,5,54,733,wvcnz,gem,Is it shiny?,Rb,1.223726749420166,1,word,low
32,5,89,716,purple,fruit,Does it have petals?,Ry,2.337747097015381,1,phrase,mid
32,5,107,706,ptrgsbkv,flower,Does it have teeth?,Ry,1.1778502464294434,1,word,low
32,5,124,771,htbqzylm,hedgehog,Has it got spines?,Rb,1.390282392501831,1,word,high
32,5,137,864,mghljkqr,carrot,Does it grow on a tree?,Ry,1.4281785488128662,1,word,high
33,1,9,733,wvcnz,gem,Is it shiny?,Rb,2.078448534011841,1,word,low
33,1,143,698,guide,dog,Is it disobedient?,Ry,2.3238425254821777,1,phrase,mid
33,2,44,647,residential,building,Does it have wheels?,Ry,2.2300424575805664,1,phrase,mid
33,2,84,828,rjdnw,clogs,Is it typically made of paper?,NA,3.00098180770874,0,word,high
33,2,99,690,rjdnw,phone,Is it soft to touch?,Ry,2.7267136573791504,1,word,high
33,2,153,657,fxldmr,limousine,Is it typically flat?,Ry,2.5501863956451416,0,word,high
33,2,155,848,digging,tool,Is it typically found in the garden?,NA,3.000981569290161,0,phrase,mid
33,2,178,771,htbqzylm,hedgehog,Has it got spines?,Ry,2.460426092147827,0,word,high
33,3,26,859,qxsw,vegetable,Is it good for your health?,Rb,1.6206557750701904,1,word,low
33,3,41,735,zrtqgfplh,ruby,Is it for eating?,Ry,2.615987777709961,1,word,high
33,3,71,745,htbqzylm,horse,Does it have scales?,Ry,1.8280999660491943,1,word,low
33,3,105,820,wvcnz,sculpture,Is it decorative?,Rb,2.3666670322418213,1,word,low
33,3,109,618,fxldmr,owl,Does it have feathers?,Rb,2.06746768951416,1,word,high
33,3,139,737,blue,gem,Is it valuable?,Rb,2.399580240249634,1,phrase,mid
33,4,51,726,ptrgsbkv,apple,Is it stripy?,Ry,1.406240463256836,1,word,high
33,4,53,700,fxldmr,fish,Does it have fins?,Rb,2.1283092498779297,1,word,low
33,4,61,843,zrtqgfplh,icicle,Is it cold?,NA,3.0009758472442627,0,word,high
33,4,85,895,xkq,weather,Is it predictable?,NA,3.0009796619415283,0,word,low
33,4,91,767,nocturnal,mammal,Does it lay eggs?,Rb,2.1412758827209477,0,phrase,mid
33,4,126,883,bxfjwts,vehicle,Does it carry people?,Rb,2.0285773277282715,1,word,low
33,4,153,655,rvqf,car,Does it have shells?,Ry,1.6396172046661377,1,word,low
33,4,176,671,warm,clothing,Is it suitable for winter?,Rb,2.190145254135132,1,phrase,mid
33,5,38,608,warm,bedding,Is it thin?,Ry,1.6186738014221191,1,phrase,mid
33,5,39,763,qxsw,mammal,Does it grow roots?,Ry,1.7064409255981443,1,word,low
33,5,55,881,medical,vehicle,Is it fast?,NA,3.00097918510437,0,phrase,mid
33,5,72,706,ptrgsbkv,flower,Does it have teeth?,Ry,1.6605620384216309,1,word,low
33,5,93,869,leafy,vegetable,Is it fibrous?,Rb,1.7393512725830078,1,phrase,mid
33,5,163,708,vpbyzkgrf,rose,Is it fragrant?,Rb,1.1509265899658203,1,word,high
33,5,166,864,mghljkqr,carrot,Does it grow on a tree?,Rb,1.722401142120361,0,word,high
33,5,176,716,purple,fruit,Does it have petals?,NA,3.0009870529174805,0,phrase,mid
34,1,7,618,fxldmr,owl,Does it have feathers?,Rb,1.1429438591003418,1,word,high
34,1,17,698,guide,dog,Is it disobedient?,Ry,1.1559109687805176,1,phrase,mid
34,1,23,700,fxldmr,fish,Does it have fins?,Rb,1.0372285842895508,1,word,low
34,1,43,647,residential,building,Does it have wheels?,Ry,1.2616281509399414,1,phrase,mid
34,1,64,895,xkq,weather,Is it predictable?,Ry,2.6459262371063232,1,word,low
34,1,73,843,zrtqgfplh,icicle,Is it cold?,Rb,1.4381556510925293,1,word,high
34,1,77,763,qxsw,mammal,Does it grow roots?,Ry,2.0196008682250977,1,word,low
34,1,80,671,warm,clothing,Is it suitable for winter?,Rb,0.9115619659423828,1,phrase,mid
34,1,116,767,nocturnal,mammal,Does it lay eggs?,Ry,2.160224676132202,1,phrase,mid
34,1,138,828,rjdnw,clogs,Is it typically made of paper?,Rb,2.368665933609009,0,word,high
34,1,179,848,digging,tool,Is it typically found in the garden?,Rb,1.2855632305145264,1,phrase,mid
34,2,33,735,zrtqgfplh,ruby,Is it for eating?,Ry,1.534895420074463,1,word,high
34,2,72,655,rvqf,car,Does it have shells?,Ry,2.108365058898926,1,word,low
34,2,90,869,leafy,vegetable,Is it fibrous?,Rb,0.7430143356323242,1,phrase,mid
34,2,91,881,medical,vehicle,Is it fast?,Rb,0.8587055206298828,1,phrase,mid
34,2,107,608,warm,bedding,Is it thin?,Ry,1.3134918212890625,1,phrase,mid
34,2,129,733,wvcnz,gem,Is it shiny?,Rb,0.6841716766357422,1,word,low
34,2,147,864,mghljkqr,carrot,Does it grow on a tree?,Ry,1.3743274211883545,1,word,high
34,3,45,657,fxldmr,limousine,Is it typically flat?,Ry,1.7184069156646729,0,word,high
34,3,102,708,vpbyzkgrf,rose,Is it fragrant?,Rb,0.9065766334533693,1,word,high
34,4,13,737,blue,gem,Is it valuable?,Rb,1.4072377681732178,1,phrase,mid
34,4,14,859,qxsw,vegetable,Is it good for your health?,Rb,0.9793832302093506,1,word,low
34,4,33,820,wvcnz,sculpture,Is it decorative?,Rb,0.8048486709594727,1,word,low
34,4,122,706,ptrgsbkv,flower,Does it have teeth?,Ry,1.3723328113555908,1,word,low
34,4,139,690,rjdnw,phone,Is it soft to touch?,Ry,1.7104270458221436,1,word,high
34,4,175,883,bxfjwts,vehicle,Does it carry people?,Ry,1.0940749645233154,0,word,low
34,5,101,716,purple,fruit,Does it have petals?,Rb,2.0963950159999998,0,phrase,mid
34,5,102,745,htbqzylm,horse,Does it have scales?,Ry,2.298853397,1,word,low
34,5,133,726,ptrgsbkv,apple,Is it stripy?,Ry,0.95544529,1,word,high
34,5,150,771,htbqzylm,hedgehog,Has it got spines?,Rb,1.313488483,1,word,high
35,1,26,690,rjdnw,phone,Is it soft to touch?,Ry,1.5618345737457275,1,word,high
35,1,53,671,warm,clothing,Is it suitable for winter?,Rb,1.3414218425750732,1,phrase,mid
35,1,57,843,zrtqgfplh,icicle,Is it cold?,Rb,0.6432828903198242,1,word,high
35,1,95,848,digging,tool,Is it typically found in the garden?,Rb,0.9394931793212892,1,phrase,mid
35,1,136,883,bxfjwts,vehicle,Does it carry people?,Rb,0.9933416843414308,1,word,low
35,1,178,828,rjdnw,clogs,Is it typically made of paper?,Rb,2.0245838165283203,0,word,high
35,2,19,864,mghljkqr,carrot,Does it grow on a tree?,Ry,1.2755892276763916,1,word,high
35,2,26,820,wvcnz,sculpture,Is it decorative?,Ry,1.498992919921875,0,word,low
35,2,27,618,fxldmr,owl,Does it have feathers?,Rb,0.8636903762817383,1,word,high
35,2,46,698,guide,dog,Is it disobedient?,Rb,1.4610939025878906,0,phrase,mid
35,2,121,733,wvcnz,gem,Is it shiny?,Rb,1.3194713592529297,1,word,low
35,3,11,608,warm,bedding,Is it thin?,Rb,1.2187445163726809,0,phrase,mid
35,3,17,706,ptrgsbkv,flower,Does it have teeth?,Rb,0.885634183883667,0,word,low
35,3,28,881,medical,vehicle,Is it fast?,Rb,0.912562131881714,1,phrase,mid
35,3,33,716,purple,fruit,Does it have petals?,Rb,1.1409530639648438,0,phrase,mid
35,3,57,726,ptrgsbkv,apple,Is it stripy?,Rb,1.5368895530700684,0,word,high
35,3,176,737,blue,gem,Is it valuable?,Rb,0.8547153472900391,1,phrase,mid
35,4,4,771,htbqzylm,hedgehog,Has it got spines?,Rb,0.8257913589477539,1,word,high
35,4,22,767,nocturnal,mammal,Does it lay eggs?,Rb,1.398261308670044,0,phrase,mid
35,4,41,735,zrtqgfplh,ruby,Is it for eating?,Ry,1.256638765335083,1,word,high
35,4,116,647,residential,building,Does it have wheels?,Ry,2.2410261631011963,1,phrase,mid
35,4,119,869,leafy,vegetable,Is it fibrous?,Ry,1.925865650177002,0,phrase,mid
35,4,138,708,vpbyzkgrf,rose,Is it fragrant?,Rb,1.1579139232635498,1,word,high
35,5,10,657,fxldmr,limousine,Is it typically flat?,Ry,1.369338035583496,0,word,high
35,5,21,745,htbqzylm,horse,Does it have scales?,Ry,1.374324083328247,1,word,low
35,5,26,859,qxsw,vegetable,Is it good for your health?,Rb,1.2855618000030518,1,word,low
35,5,46,763,qxsw,mammal,Does it grow roots?,Rb,1.0920794010162354,0,word,low
35,5,79,895,xkq,weather,Is it predictable?,Ry,2.483358383178711,1,word,low
35,5,87,700,fxldmr,fish,Does it have fins?,Rb,1.2107620239257812,1,word,low
35,5,180,655,rvqf,car,Does it have shells?,Ry,1.8181376457214355,1,word,low
36,1,25,859,qxsw,vegetable,Is it good for your health?,NA,3.000977039337158,0,word,low
36,1,40,698,guide,dog,Is it disobedient?,Ry,1.8380844593048096,1,phrase,mid
36,1,126,767,nocturnal,mammal,Does it lay eggs?,Ry,2.555167436599731,1,phrase,mid
36,1,146,820,wvcnz,sculpture,Is it decorative?,Rb,2.5402069091796875,1,word,low
36,1,158,848,digging,tool,Is it typically found in the garden?,Rb,1.8041751384735107,1,phrase,mid
36,2,21,771,htbqzylm,hedgehog,Has it got spines?,Rb,1.9288427829742432,1,word,high
36,2,71,700,fxldmr,fish,Does it have fins?,Rb,2.1891446113586426,1,word,low
36,2,147,647,residential,building,Does it have wheels?,Ry,1.2855627536773682,1,phrase,mid
36,2,168,843,zrtqgfplh,icicle,Is it cold?,Rb,1.7572999000549316,1,word,high
36,2,173,763,qxsw,mammal,Does it grow roots?,Ry,1.8061683177948,1,word,low
36,3,36,733,wvcnz,gem,Is it shiny?,Rb,2.6638734340667725,1,word,low
36,3,56,737,blue,gem,Is it valuable?,Rb,1.6555702686309814,1,phrase,mid
36,3,59,864,mghljkqr,carrot,Does it grow on a tree?,Ry,2.503302574157715,1,word,high
36,3,60,655,rvqf,car,Does it have shells?,Ry,2.4015746116638184,1,word,low
36,3,63,618,fxldmr,owl,Does it have feathers?,Rb,1.539879560470581,1,word,high
36,3,106,706,ptrgsbkv,flower,Does it have teeth?,Ry,1.7363550662994385,1,word,low
36,3,111,881,medical,vehicle,Is it fast?,Rb,1.4411442279815674,1,phrase,mid
36,3,145,671,warm,clothing,Is it suitable for winter?,Rb,1.4760510921478271,1,phrase,mid
36,3,178,828,rjdnw,clogs,Is it typically made of paper?,Ry,2.462412595748902,1,word,high
36,4,27,895,xkq,weather,Is it predictable?,Ry,1.9567673206329343,1,word,low
36,4,60,745,htbqzylm,horse,Does it have scales?,Ry,1.7044408321380615,1,word,low
36,4,68,869,leafy,vegetable,Is it fibrous?,Rb,1.4800422191619873,1,phrase,mid
36,4,71,608,warm,bedding,Is it thin?,Ry,1.900916337966919,1,phrase,mid
36,4,84,735,zrtqgfplh,ruby,Is it for eating?,Ry,1.4261853694915771,1,word,high
36,4,92,883,bxfjwts,vehicle,Does it carry people?,Rb,2.306829929351806,1,word,low
36,5,61,708,vpbyzkgrf,rose,Is it fragrant?,Rb,1.5179409980773926,1,word,high
36,5,64,690,rjdnw,phone,Is it soft to touch?,Ry,2.422521591186523,1,word,high
36,5,85,726,ptrgsbkv,apple,Is it stripy?,Ry,1.4750547409057615,1,word,high
36,5,110,657,fxldmr,limousine,Is it typically flat?,Ry,2.737676858901977,0,word,high
36,5,164,716,purple,fruit,Does it have petals?,Ry,2.05849552154541,1,phrase,mid
