,N400_amplitude,subject,specificity_contrast
0,-2.1568861040791136e-07,sub-01,high-mid
1,6.578631184049562e-07,sub-02,high-mid
2,9.630531782508516e-08,sub-03,high-mid
3,4.5126338023854413e-07,sub-04,high-mid
4,-2.0361319452480375e-07,sub-05,high-mid
5,1.2389799573579027e-06,sub-06,high-mid
6,8.35043738950516e-09,sub-07,high-mid
7,-5.581356850356045e-07,sub-08,high-mid
8,1.3043391646267126e-06,sub-09,high-mid
9,-8.719558228189134e-07,sub-10,high-mid
10,2.5499179432765e-07,sub-11,high-mid
11,-5.259358232073052e-07,sub-12,high-mid
12,1.2456411094267993e-06,sub-13,high-mid
13,-6.358046165972956e-07,sub-14,high-mid
14,6.858199752037877e-07,sub-15,high-mid
15,-1.6411438910026975e-06,sub-17,high-mid
16,-1.8215302562009375e-06,sub-18,high-mid
17,5.804311380863785e-07,sub-19,high-mid
18,-7.38856229509354e-08,sub-20,high-mid
19,-4.1921629130229384e-08,sub-21,high-mid
20,1.6718463465256363e-07,sub-22,high-mid
21,8.413319548842567e-07,sub-23,high-mid
22,-6.59931484797644e-07,sub-24,high-mid
23,-2.849787775241253e-07,sub-25,high-mid
24,-9.278738642291974e-07,sub-26,high-mid
25,-1.4899201314218317e-06,sub-27,high-mid
26,6.313033800182818e-07,sub-28,high-mid
27,-1.501992002617429e-06,sub-29,high-mid
28,7.668109636060979e-07,sub-30,high-mid
29,4.853468571096722e-07,sub-31,high-mid
30,5.14572995479149e-09,sub-32,high-mid
31,-8.283851051362024e-07,sub-33,high-mid
32,1.8050170835699838e-07,sub-34,high-mid
33,6.294856563424347e-07,sub-35,high-mid
34,-1.2303906971246383e-06,sub-36,high-mid
35,-7.04679707307209e-07,sub-01,mid-low
36,7.364133886198346e-07,sub-02,mid-low
37,-2.0690262259409778e-07,sub-03,mid-low
38,4.1446107333357745e-07,sub-04,mid-low
39,-8.273859964849986e-07,sub-05,mid-low
40,5.137266030999427e-07,sub-06,mid-low
41,5.411735023522065e-07,sub-07,mid-low
42,-8.74643705764494e-07,sub-08,mid-low
43,1.7791666322004454e-06,sub-09,mid-low
44,1.1749013883154304e-07,sub-10,mid-low
45,-2.9224370960012664e-06,sub-11,mid-low
46,5.749687741775233e-07,sub-12,mid-low
47,1.1273843107388048e-06,sub-13,mid-low
48,-1.002933771394695e-06,sub-14,mid-low
49,1.8036627735479974e-06,sub-15,mid-low
50,-5.029064074396458e-07,sub-17,mid-low
51,4.854145047791863e-07,sub-18,mid-low
52,-7.103322273596542e-07,sub-19,mid-low
53,3.312041565787171e-07,sub-20,mid-low
54,5.389347927181326e-07,sub-21,mid-low
55,-1.7444008985412743e-07,sub-22,mid-low
56,5.393584054078392e-07,sub-23,mid-low
57,-9.933754909630705e-08,sub-24,mid-low
58,1.5901377618438328e-07,sub-25,mid-low
59,-1.2703495087283191e-06,sub-26,mid-low
60,-1.563837852095121e-06,sub-27,mid-low
61,5.012883463506146e-07,sub-28,mid-low
62,-2.642474868846365e-06,sub-29,mid-low
63,3.627043685853163e-07,sub-30,mid-low
64,6.718712147140455e-07,sub-31,mid-low
65,-3.1783318537294426e-07,sub-32,mid-low
66,-3.2125283406337655e-07,sub-33,mid-low
67,-2.6342667819753384e-07,sub-34,mid-low
68,-1.1797162173360027e-06,sub-35,mid-low
69,-4.822041631830197e-06,sub-36,mid-low
70,-4.889910968992976e-07,sub-01,high-low
71,7.855027021487825e-08,sub-02,high-low
72,-3.032079404191829e-07,sub-03,high-low
73,-3.680230690496666e-08,sub-04,high-low
74,-6.237728019601949e-07,sub-05,high-low
75,-7.252533542579601e-07,sub-06,high-low
76,5.328230649627013e-07,sub-07,high-low
77,-3.165080207288895e-07,sub-08,high-low
78,4.7482746757373257e-07,sub-09,high-low
79,9.894459616504563e-07,sub-10,high-low
80,-3.1774288903289167e-06,sub-11,high-low
81,1.1009045973848286e-06,sub-12,high-low
82,-1.1825679868799451e-07,sub-13,high-low
83,-3.671291547973994e-07,sub-14,high-low
84,1.11784279834421e-06,sub-15,high-low
85,1.1382374835630517e-06,sub-17,high-low
86,2.306944760980124e-06,sub-18,high-low
87,-1.2907633654460327e-06,sub-19,high-low
88,4.0508977952965254e-07,sub-20,high-low
89,5.80856421848362e-07,sub-21,high-low
90,-3.4162472450669103e-07,sub-22,high-low
91,-3.019735494764176e-07,sub-23,high-low
92,5.605939357013368e-07,sub-24,high-low
93,4.439925537085086e-07,sub-25,high-low
94,-3.424756444991219e-07,sub-26,high-low
95,-7.39177206732891e-08,sub-27,high-low
96,-1.3001503366766719e-07,sub-28,high-low
97,-1.140482866228936e-06,sub-29,high-low
98,-4.041065950207815e-07,sub-30,high-low
99,1.8652435760437337e-07,sub-31,high-low
100,-3.2297891532773577e-07,sub-32,high-low
101,5.071322710728257e-07,sub-33,high-low
102,-4.4392838655453225e-07,sub-34,high-low
103,-1.8092018736784373e-06,sub-35,high-low
104,-3.591650934705559e-06,sub-36,high-low
